,SPY,TNX,GDP,GDPC1,CPIAUCSL,UNRATE,EMVOVERALLEMV,APU00007471A,PAYEMS,MCOILWTICO,DSPIC96,PCE,GS3M,GS5,CSUSHPINSA,PPIACO,FEDFUNDS,IQ12260,WM2NS,WALCL,MORTGAGE30US,BAMLC0A4CBBBEY,T10YIE,T10Y2Y,BAMLH0A0HYM2,DTWEXBGS,VIXCLS
1985-01-01,,11.170000076293945,4230.168,7829.26,105.7,7.3,11.30402,1.145,96372.0,,5813.6,2618.8,8.02,10.93,,103.4,8.35,,2353.0,,13.1,,,1.67,,,
1985-02-01,,11.90999984741211,4251.741,7852.238,106.3,7.2,9.46174,1.128,96503.0,,5759.7,2640.8,8.56,11.13,,103.3,8.5,,2338.5,,12.93,,,1.25,,,
1985-03-01,,11.649999618530273,4273.313999999999,7875.216,106.8,7.2,10.99764,1.155,96842.0,,5733.0,2648.5,8.83,11.52,,103.1,8.58,104.7,2354.5,,13.02,,,1.13,,,
1985-04-01,,11.40999984741211,4294.887,7898.194,107.0,7.3,9.26745,1.199,97038.0,,5828.1,2659.5,8.22,11.01,,103.3,8.27,,2368.1,,13.27,,,1.21,,,
1985-05-01,,10.279999732971191,4325.515666666666,7938.399,107.2,7.2,9.83628,1.223,97312.0,,5970.2,2696.4,7.73,10.34,,103.5,7.97,,2371.6,,13.07,,,1.45,,,
1985-06-01,,10.25,4356.144333333334,7978.604,107.5,7.4,8.02564,1.233,97459.0,,5844.8,2689.4,7.18,9.6,,103.3,7.53,114.1,2393.6,,12.39,,,1.33,,,
1985-07-01,,10.569999694824219,4386.773,8018.809,107.7,7.4,9.74848,1.233,97648.0,,5857.2,2715.7,7.32,9.7,,103.2,7.88,,2421.1,,12.13,,,1.53,,,
1985-08-01,,10.279999732971191,4405.88,8038.6776666666665,107.9,7.1,11.568,1.222,97840.0,,5852.9,2752.1,7.37,9.81,,102.7,7.9,,2443.2,,12.17,,,1.47,,,
1985-09-01,,10.3100004196167,4424.987,8058.546333333334,108.1,7.1,12.16117,1.209,98045.0,,5877.9,2794.7,7.33,9.81,,102.1,7.92,117.2,2441.3,,12.15,,,1.29,,,
1985-10-01,,10.010000228881836,4444.094,8078.415,108.5,7.1,8.96008,1.198,98233.0,,5907.0,2755.8,7.4,9.69,,102.9,7.99,,2472.9,,12.17,,,1.46,,,
1985-11-01,,9.59000015258789,4465.3606666666665,8103.553,109.0,7.0,11.84994,1.201,98443.0,,5915.8,2771.1,7.48,9.28,,103.4,8.05,,2474.1,,12.01,,,1.28,,,
1985-12-01,,9.0,4486.627333333334,8128.691,109.5,7.0,10.64614,1.203,98609.0,,5951.1,2811.3,7.33,8.73,,103.6,8.27,117.3,2491.3,,11.5,,,1.15,,,
1986-01-01,,9.079999923706055,4507.894,8153.829,109.9,6.7,9.66605,1.19,98732.0,22.93,5961.6,2827.1,7.3,8.68,,103.2,8.14,,2536.0,,10.81,,,1.02,,,
1986-02-01,,8.130000114440918,4520.376,8166.07,109.7,7.2,11.06856,1.119,98847.0,15.46,5992.4,2820.2,7.29,8.34,,101.7,7.86,,2494.4,,10.85,,,1.05,,,
1986-03-01,,7.389999866485596,4532.858,8178.311,109.1,7.2,14.61599,0.983,98934.0,12.61,6053.6,2823.6,6.76,7.46,,100.3,7.48,123.9,2507.9,,10.2,,,0.44,,,
1986-04-01,,7.380000114440918,4545.34,8190.552,108.7,7.1,10.96323,0.895,99121.0,12.84,6076.8,2835.2,6.24,7.05,,99.6,6.99,,2570.7,,9.99,,,0.48,,,
1986-05-01,,8.050000190734863,4566.116333333333,8216.679666666667,109.0,7.2,11.03797,0.927,99248.0,15.38,6082.8,2857.5,6.33,7.52,,100.0,6.85,,2564.4,,9.9,,,0.6,,,
1986-06-01,,7.349999904632568,4586.892666666667,8242.807333333332,109.4,7.2,12.05655,0.958,99155.0,13.43,6078.3,2861.7,6.4,7.64,,99.9,6.92,124.5,2584.4,,10.74,,,0.82,,,
1986-07-01,,7.340000152587891,4607.669,8268.935,109.5,7.0,14.86389,0.895,99473.0,11.59,6110.2,2881.2,6.0,7.06,,99.4,6.56,,2639.8,,10.61,,,0.57,,,
1986-08-01,,6.949999809265137,4624.321666666667,8283.735999999999,109.6,6.9,12.82764,0.848,99588.0,15.1,6119.3,2898.6,5.69,6.8,,99.3,6.17,,2641.5,,10.4,,,0.78,,,
1986-09-01,,7.449999809265137,4640.974333333334,8298.537,110.0,7.0,18.1939,0.864,99934.0,14.87,6124.9,2971.8,5.35,6.92,,99.4,5.89,147.5,2644.5,,9.9,,,1.04,,,
1986-10-01,,7.340000152587891,4657.627,8313.338,110.2,7.0,13.44968,0.837,100121.0,14.9,6121.2,2932.9,5.32,6.83,,99.7,5.85,,2686.7,,10.08,,,1.05,,,
1986-11-01,,7.150000095367432,4679.136666666667,8333.983333333334,110.4,6.9,13.8365,0.827,100308.0,15.22,6125.2,2928.4,5.5,6.76,,99.8,6.04,,2690.1,,9.83,,,1.08,,,
1986-12-01,,7.230000019073486,4700.646333333333,8354.628666666666,110.8,6.6,10.96054,0.83,100509.0,16.11,6135.8,2997.1,5.68,6.67,,99.7,6.91,143.1,2716.6,,9.3,,,0.93,,,
1987-01-01,,7.179999828338623,4722.156,8375.274,111.4,6.6,15.68098,0.868,100678.0,18.65,6159.5,2935.5,5.58,6.64,63.735,100.5,6.43,,2794.4,,9.37,,,0.88,,,
1987-02-01,,7.190000057220459,4750.157333333334,8405.392666666667,111.8,6.6,11.65097,0.911,100919.0,17.75,6192.1,3001.7,5.75,6.79,64.134,101.0,6.1,,2727.9,,9.06,,,0.87,,,
1987-03-01,,7.510000228881836,4778.158666666666,8435.511333333332,112.2,6.6,14.32637,0.918,101164.0,18.3,6200.0,3013.3,5.77,6.79,64.47,101.2,6.13,148.7,2733.7,,9.03,,,0.83,,,
1987-04-01,,8.210000038146973,4806.16,8465.63,112.7,6.3,14.2577,0.94,101499.0,18.68,5967.2,3038.8,5.82,7.57,64.97399999999999,101.9,6.37,,2781.4,,9.26,,,0.94,,,
1987-05-01,,8.489999771118164,4832.291666666667,8490.111666666666,113.0,6.3,14.68694,0.948,101728.0,19.44,6209.1,3048.4,5.85,8.26,65.54899999999999,102.6,6.85,,2761.7,,10.47,,,0.92,,,
1987-06-01,,8.380000114440918,4858.423333333333,8514.593333333334,113.5,6.2,13.52126,0.966,101900.0,20.07,6200.8,3072.8,5.85,8.02,66.22,103.0,6.73,164.2,2765.5,,10.7,,,0.78,,,
1987-07-01,,8.65999984741211,4884.555,8539.075,113.8,6.1,11.10482,0.98,102247.0,21.34,6218.1,3094.7,5.88,8.01,66.78699999999999,103.5,6.58,,2800.8,,10.36,,,0.92,,,
1987-08-01,,9.0,4925.701333333333,8587.948,114.3,6.0,12.10832,1.004,102420.0,20.31,6244.2,3130.8,6.23,8.32,67.27,103.8,6.73,,2781.4,,10.35,,,1.09,,,
1987-09-01,,9.630000114440918,4966.847666666667,8636.821,114.7,5.9,11.07046,1.0,102647.0,19.53,6244.3,3126.5,6.62,8.94,67.624,103.7,7.22,166.6,2801.9,,10.63,,,1.07,,,
1987-10-01,,8.880000114440918,5007.994,8685.694,115.0,6.0,55.27221,0.988,103138.0,19.86,6284.5,3134.5,6.35,9.08,67.902,104.1,7.29,,2811.1,,11.18,,,1.04,,,
1987-11-01,,8.989999771118164,5029.786666666667,8700.652333333333,115.4,5.8,54.93812,0.987,103372.0,18.85,6308.9,3144.2,5.89,8.35,68.092,104.2,6.69,,2810.7,,10.79,,,1.26,,,
1987-12-01,,8.829999923706055,5051.579333333333,8715.610666666666,115.6,5.7,37.79671,0.975,103661.0,17.28,6365.4,3174.1,5.96,8.45,68.344,104.2,6.77,177.3,2839.3,,10.6,,,1.24,,,
1988-01-01,,8.260000228881836,5073.372,8730.569,116.0,5.7,33.44707,0.947,103753.0,17.13,6378.8,3213.7,6.0,8.18,68.583,104.6,6.83,,2864.7,,10.5,,,1.06,,,
1988-02-01,,8.15999984741211,5112.26,8768.806,116.2,5.7,24.04839,0.928,104214.0,16.8,6416.0,3221.4,5.84,7.71,68.916,104.8,6.58,,2844.6,,9.94,,,1.04,,,
1988-03-01,,8.569999694824219,5151.148,8807.043,116.5,5.7,17.55588,0.92,104489.0,16.2,6442.2,3260.5,5.87,7.83,69.325,104.9,6.58,156.6,2883.7,,9.85,,,1.04,,,
1988-04-01,,8.869999885559082,5190.036,8845.28,117.2,5.4,20.45862,0.946,104732.0,17.86,6464.3,3263.0,6.08,8.19,69.79,105.8,6.87,,2920.7,,10.05,,,1.1,,,
1988-05-01,,9.199999809265137,5220.969,8862.555666666667,117.5,5.6,22.84245,0.97,104962.0,17.42,6473.4,3293.6,6.45,8.58,70.40899999999999,106.5,7.09,,2903.6,,10.32,,,1.16,,,
1988-06-01,,8.819999694824219,5251.902,8879.831333333334,118.0,5.4,16.2154,0.971,105326.0,16.53,6497.4,3318.5,6.66,8.49,71.068,107.2,7.51,167.8,2942.9,,10.58,,,0.94,,,
1988-07-01,,9.119999885559082,5282.835,8897.107,118.5,5.4,17.11284,0.984,105550.0,15.5,6524.5,3342.7,6.95,8.66,71.686,107.9,7.75,,2953.0,,10.39,,,0.79,,,
1988-08-01,,9.25,5321.726333333333,8936.625,119.0,5.6,15.53957,1.004,105674.0,15.52,6542.8,3368.0,7.3,8.94,72.185,108.0,8.01,,2944.5,,10.44,,,0.71,,,
1988-09-01,,8.869999885559082,5360.617666666667,8976.143,119.5,5.4,13.28702,0.992,106013.0,14.54,6555.5,3375.0,7.48,8.69,72.574,108.1,8.19,155.6,2957.6,,10.65,,,0.57,,,
1988-10-01,,8.649999618530273,5399.509,9015.661,119.9,5.4,21.13875,0.976,106276.0,13.77,6590.4,3413.7,7.6,8.51,72.82300000000001,108.2,8.3,,2951.0,,10.38,,,0.43,,,
1988-11-01,,9.0600004196167,5436.757,9046.212,120.3,5.3,16.33116,0.972,106617.0,14.14,6592.6,3430.2,8.03,8.79,73.065,108.3,8.35,,2983.5,,10.12,,,0.43,,,
1988-12-01,,9.140000343322754,5474.005,9076.763,120.7,5.3,15.28708,0.953,106898.0,16.38,6625.1,3459.7,8.35,9.09,73.279,109.0,8.76,154.2,2998.3,,10.44,,,0.15,,,
1989-01-01,,9.010000228881836,5511.253,9107.314,121.2,5.4,19.35361,0.944,107161.0,18.02,6653.4,3483.7,8.56,9.15,73.618,110.5,9.12,,3016.1,,10.8,,,0.02,,,
1989-02-01,,9.319999694824219,5544.989666666666,9130.485,121.6,5.2,14.1394,0.955,107427.0,17.94,6673.2,3488.0,8.84,9.27,73.969,110.8,9.36,,2988.2,,10.55,,,-0.13,,,
1989-03-01,,9.300000190734863,5578.726333333333,9153.655999999999,122.2,5.0,10.15499,0.974,107621.0,19.48,6706.7,3498.8,9.14,9.51,74.411,111.5,9.85,140.4,3003.0,,10.91,,,-0.19,,,
1989-04-01,,9.020000457763672,5612.463,9176.827,123.1,5.2,12.81115,1.098,107791.0,21.07,6672.3,3543.0,8.96,9.3,74.868,112.3,9.84,,3013.9,,11.07,,,-0.35,,,
1989-05-01,,8.600000381469727,5640.097,9199.49,123.7,5.2,13.37349,1.152,107913.0,20.12,6641.7,3551.8,8.74,8.91,75.296,113.2,9.81,,2998.8,,10.97,,,-0.22,,,
1989-06-01,,8.100000381469727,5667.731,9222.153,124.1,5.3,14.09914,1.15,108027.0,20.05,6660.5,3566.6,8.43,8.29,75.697,112.9,9.53,132.8,3023.5,,10.48,,,-0.21,,,
1989-07-01,,7.820000171661377,5695.365,9244.816,124.5,5.2,15.67689,1.132,108069.0,19.78,6683.9,3585.7,8.15,7.83,76.043,112.8,9.24,,3039.5,,10.03,,,0.07,,,
1989-08-01,,8.260000228881836,5712.655666666667,9250.888333333334,124.5,5.2,13.66366,1.096,108120.0,18.58,6701.6,3620.6,8.17,8.09,76.274,112.0,8.99,,3075.6,,9.68,,,0.28,,,
1989-09-01,,8.3100004196167,5729.946333333333,9256.960666666666,124.8,5.3,14.09713,1.073,108369.0,19.59,6721.7,3621.9,8.01,8.17,76.422,112.4,9.02,130.8,3081.2,,10.22,,,-0.18,,,
1989-10-01,,7.920000076293945,5747.237,9263.033,125.4,5.3,26.96255,1.071,108476.0,20.1,6754.8,3633.6,7.9,7.97,76.48899999999999,112.8,8.84,,3089.2,,10.1,,,-0.2,,,
1989-11-01,,7.840000152587891,5789.058333333333,9296.775,125.9,5.4,16.66969,1.046,108752.0,19.86,6761.3,3643.3,7.94,7.81,76.52199999999999,112.7,8.55,,3133.3,,9.82,,,0.04,,,
1989-12-01,,7.929999828338623,5830.879666666667,9330.517,126.3,5.4,16.68384,1.03,108836.0,21.1,6761.4,3684.2,7.88,7.75,76.498,113.0,8.45,141.3,3152.4,,9.74,,,0.11,,,
1990-01-01,,8.430000305175781,5872.701,9364.259,127.5,5.4,17.88818,1.09,109199.0,22.86,6801.0,3730.7,7.9,8.12,76.527,114.9,8.23,,3181.9,,9.83,,,0.07,,,17.24
1990-02-01,,8.510000228881836,5901.81,9375.587,128.0,5.3,22.15001,1.086,109435.0,22.11,6815.1,3728.2,8.0,8.42,76.587,114.4,8.24,,3169.4,,10.17,,,0.14,,,24.87
1990-03-01,,8.649999618530273,5930.919,9386.915,128.6,5.2,17.64099,1.076,109644.0,20.39,6816.9,3754.9,8.17,8.6,76.79,114.2,8.28,148.8,3188.9,,10.23,,,0.06,,,21.9
1990-04-01,,9.039999961853027,5960.028,9398.243,128.9,5.4,15.92835,1.096,109686.0,18.43,6860.6,3770.0,8.04,8.77,77.038,114.1,8.26,,3206.1,,10.26,,,0.03,,,22.84
1990-05-01,,8.600000381469727,5978.390666666667,9400.326666666668,129.1,5.4,12.10006,1.114,109839.0,18.2,6852.4,3775.8,8.01,8.74,77.297,114.6,8.18,,3195.1,,10.67,,,0.06,,,18.43
1990-06-01,,8.430000305175781,5996.753333333333,9402.410333333333,129.9,5.2,13.43083,1.14,109856.0,16.7,6862.3,3804.5,7.99,8.43,77.505,114.3,8.29,132.1,3207.7,,10.29,,,0.11,,,17.09
1990-07-01,,8.359999656677246,6015.116,9404.494,130.5,5.5,18.26198,1.139,109824.0,18.45,6886.1,3821.7,7.87,8.33,77.56,114.5,8.15,,3217.3,,10.06,,,0.18,,,16.26
1990-08-01,,8.859999656677246,6011.655,9375.954666666667,131.6,5.7,18.42524,1.246,109616.0,27.31,6842.8,3848.3,7.69,8.44,77.479,116.5,8.13,,3238.0,,9.84,,,0.44,,,21.64
1990-09-01,,8.819999694824219,6008.194,9347.415333333334,132.5,5.9,17.45869,1.347,109518.0,33.51,6839.5,3870.1,7.6,8.51,77.229,118.4,8.2,141.0,3245.5,,10.19,,,0.81,,,29.58
1990-10-01,,8.649999618530273,6004.733,9318.876,133.4,5.9,21.02472,1.431,109367.0,36.04,6783.4,3870.6,7.4,8.33,76.913,120.8,8.11,,3242.6,,10.08,,,0.77,,,28.06
1990-11-01,,8.260000228881836,6014.881333333334,9304.342666666667,133.7,6.2,15.28389,1.432,109214.0,32.33,6785.1,3871.9,7.29,8.02,76.381,120.1,7.81,,3262.5,,10.13,,,0.89,,,30.25
1990-12-01,,8.079999923706055,6025.029666666666,9289.809333333333,134.2,6.3,16.32092,1.41,109166.0,27.28,6824.1,3861.3,6.95,7.73,75.972,118.7,7.31,136.7,3264.0,,9.81,,,0.71,,,22.29
1991-01-01,,8.029999732971191,6035.178,9275.276,134.7,6.4,20.73298,1.304,109055.0,25.23,6804.7,3841.0,6.41,7.7,75.533,119.0,6.91,,3309.9,,9.56,,,0.89,,,26.62
1991-02-01,,8.020000457763672,6065.739333333333,9299.383,134.8,6.6,18.38419,1.198,108734.0,20.48,6814.0,3866.7,6.12,7.47,75.25,117.2,6.25,,3287.9,,9.56,,,1.08,,,21.04
1991-03-01,,8.050000190734863,6096.300666666667,9323.49,134.8,6.8,13.69036,1.138,108574.0,19.9,6824.9,3913.0,6.09,7.77,75.137,116.2,6.12,130.3,3313.9,,9.4,,,0.94,,,20.86
1991-04-01,,8.020000457763672,6126.862,9347.597,135.1,6.7,15.61052,1.159,108364.0,20.83,6851.7,3907.1,5.83,7.7,75.318,116.0,5.91,,3339.8,,9.49,,,1.06,,,17.42
1991-05-01,,8.0600004196167,6153.220333333334,9363.342666666667,135.6,6.9,13.94212,1.209,108249.0,21.23,6852.9,3933.2,5.63,7.7,75.76899999999999,116.5,5.78,,3333.3,,9.47,,,1.21,,,17.77
1991-06-01,,8.239999771118164,6179.578666666666,9379.088333333333,136.0,6.9,14.86837,1.214,108334.0,20.19,6888.5,3940.5,5.75,7.94,76.25399999999999,116.4,5.9,128.2,3340.7,,9.48,,,1.35,,,16.87
1991-07-01,,8.199999809265137,6205.937,9394.834,136.2,6.8,15.13933,1.185,108292.0,21.4,6875.2,3966.0,5.75,7.91,76.518,116.1,5.82,,3346.1,,9.62,,,1.29,,,18.64
1991-08-01,,7.820000171661377,6225.471333333333,9405.749666666667,136.6,6.9,13.75834,1.196,108310.0,21.69,6891.4,3969.1,5.5,7.43,76.595,116.2,5.66,,3357.9,,9.44,,,1.36,,,15.47
1991-09-01,,7.46999979019165,6245.005666666667,9416.665333333334,137.0,6.9,13.70698,1.199,108336.0,21.89,6910.5,3984.7,5.37,7.14,76.57600000000001,116.1,5.45,125.8,3343.9,,9.14,,,1.48,,,16.57
1991-10-01,,7.46999979019165,6264.54,9427.581,137.2,7.0,14.16633,1.18,108357.0,23.23,6921.1,3976.0,5.14,6.87,76.291,116.4,5.21,,3363.0,,8.87,,,1.46,,,14.81
1991-11-01,,7.380000114440918,6297.394,9465.202,137.8,7.0,19.36862,1.193,108296.0,22.46,6932.2,4003.6,4.69,6.62,76.031,116.4,4.81,,3361.2,,8.78,,,1.83,,,15.6
1991-12-01,,6.710000038146973,6330.248,9502.823,138.2,7.3,14.92645,1.182,108328.0,19.5,6995.7,4020.5,4.18,6.19,75.844,115.9,4.43,128.3,3377.4,,8.62,,,1.99,,,20.18
1992-01-01,,7.309999942779541,6363.102,9540.444,138.3,7.3,20.80009,1.135,108369.0,18.79,7065.3,4084.7,3.91,6.24,75.699,115.6,4.03,,3398.6,,8.24,,,2.01,,,18.95
1992-02-01,,7.269999980926514,6398.989,9574.927,138.6,7.4,16.66967,1.117,108311.0,19.01,7097.8,4099.5,3.95,6.58,75.654,116.0,4.06,,3375.6,,8.67,,,2.21,,,18.2
1992-03-01,,7.539999961853027,6434.876,9609.41,139.1,7.4,15.99999,1.122,108365.0,18.92,7105.5,4117.0,4.14,6.95,75.813,116.1,3.98,124.3,3390.7,,8.85,,,1.93,,,16.88
1992-04-01,,7.610000133514404,6470.763,9643.893,139.4,7.4,18.30347,1.143,108519.0,20.23,7126.8,4131.5,3.84,6.78,76.08,116.3,3.73,,3434.1,,8.96,,,1.93,,,16.48
1992-05-01,,7.329999923706055,6502.722333333333,9675.657,139.7,7.6,14.57487,1.197,108649.0,20.98,7161.1,4158.4,3.72,6.69,76.398,117.2,3.82,,3392.8,,8.84,,,2.23,,,16.61
1992-06-01,,7.139999866485596,6534.681666666666,9707.421,140.1,7.8,15.17096,1.239,108715.0,22.39,7191.7,4177.1,3.75,6.48,76.602,118.0,3.76,121.3,3383.8,,8.59,,,2.1,,,14.43
1992-07-01,,6.71999979019165,6566.641,9739.185,140.5,7.7,17.59392,1.237,108793.0,21.78,7187.0,4204.8,3.28,5.84,76.711,117.9,3.25,,3407.1,,8.29,,,2.28,,,13.34
1992-08-01,,6.619999885559082,6604.695,9773.041,140.8,7.6,12.03298,1.221,108925.0,21.34,7212.8,4220.9,3.2,5.6,76.73100000000001,117.7,3.3,,3389.7,,8.06,,,2.32,,,13.83
1992-09-01,,6.369999885559082,6642.749,9806.897,141.1,7.6,14.76315,1.222,108959.0,21.88,7179.5,4255.3,2.97,5.38,76.628,118.0,3.22,122.6,3416.3,,7.94,,,2.44,,,13.4
1992-10-01,,6.800000190734863,6680.803,9840.753,141.7,7.3,17.82248,1.219,109139.0,21.69,7133.6,4284.7,2.93,5.6,76.598,118.1,3.1,,3413.8,,7.93,,,2.56,,,16.31
1992-11-01,,6.949999809265137,6697.0216666666665,9846.230333333333,142.1,7.4,14.59481,1.223,109272.0,20.34,7144.5,4300.5,3.21,6.04,76.579,117.8,3.09,,3421.8,,8.29,,,2.41,,,16.67
1992-12-01,,6.699999809265137,6713.240333333333,9851.707666666667,142.3,7.4,11.12415,1.201,109495.0,19.41,7399.0,4336.4,3.29,6.08,76.464,117.6,2.92,120.2,3450.6,,8.34,,,2.13,,,12.8
1993-01-01,,6.389999866485596,6729.459,9857.185,142.8,7.3,14.27978,1.182,109794.0,19.03,7237.6,4340.7,3.07,5.83,76.395,118.0,3.02,,3455.2,,8.07,,,2.12,,,13.36
1993-02-01,25.70949363708496,6.03000020980835,6755.952333333334,9876.311666666666,143.1,7.1,15.97746,1.172,110044.0,20.09,7271.8,4355.3,2.99,5.43,76.328,118.4,3.03,,3385.9,,7.8,,,2.19,,,12.33
1993-03-01,26.16179847717285,6.03000020980835,6782.4456666666665,9895.438333333334,143.3,7.0,15.50791,1.163,109994.0,20.32,7249.2,4352.5,3.01,5.19,76.383,118.7,3.07,117.9,3396.7,,7.44,,,2.06,,,13.6
1993-04-01,25.612764358520508,6.050000190734863,6808.939,9914.565,143.8,7.1,14.17924,1.175,110296.0,20.25,7286.8,4393.4,2.93,5.13,76.661,119.3,2.96,,3438.6,,7.53,,,2.12,,,13.02
1993-05-01,26.303531646728516,6.159999847412109,6833.325333333333,9930.334333333334,144.2,7.1,15.03986,1.193,110568.0,19.95,7276.3,4422.4,3.03,5.2,77.03,119.7,3.0,,3412.1,,7.42,,,2.21,,,12.9
1993-06-01,26.212635040283203,5.800000190734863,6857.711666666667,9946.103666666666,144.3,7.0,14.82274,1.194,110749.0,19.09,7262.9,4440.0,3.14,5.22,77.516,119.5,3.04,126.9,3462.1,,7.47,,,1.91,,,13.67
1993-07-01,26.270263671875,5.829999923706055,6882.098,9961.873,144.5,6.9,14.31353,1.174,111055.0,17.89,7281.2,4468.9,3.11,5.09,77.885,119.2,3.06,,3450.7,,7.23,,,1.81,,,11.51
1993-08-01,27.27712631225586,5.449999809265137,6925.978,10007.036,144.8,6.8,17.79797,1.163,111206.0,18.01,7291.8,4481.1,3.09,5.03,78.131,118.7,3.03,,3434.2,,7.21,,,1.66,,,11.47
1993-09-01,26.9110050201416,5.400000095367432,6969.858,10052.198999999999,145.0,6.7,16.08684,1.151,111448.0,17.5,7271.9,4511.5,3.01,4.73,78.19800000000001,118.7,3.09,131.0,3458.3,,6.93,,,1.58,,,11.48
1993-10-01,27.61289405822754,5.388000011444092,7013.738,10097.362,145.6,6.8,13.13262,1.193,111733.0,18.15,7236.4,4532.8,3.09,4.71,78.172,119.1,2.99,,3449.1,,6.89,,,1.5,,,11.83
1993-11-01,27.318151473999023,5.795000076293945,7047.709333333333,10130.020666666665,146.0,6.6,13.67087,1.178,111984.0,16.61,7256.4,4554.1,3.18,5.06,78.17,119.0,3.02,,3448.6,,7.11,,,1.45,,,11.78
1993-12-01,27.46552276611328,5.7829999923706055,7081.680666666667,10162.679333333333,146.3,6.5,12.68272,1.136,112314.0,14.52,7503.7,4571.1,3.13,5.15,78.11399999999999,118.6,2.96,132.2,3498.5,,7.25,,,1.62,,,13.83
1994-01-01,28.617992401123047,5.638000011444092,7115.652,10195.338,146.3,6.6,16.23251,1.109,112595.0,15.03,7363.1,4585.1,3.04,5.09,78.199,119.1,3.05,139.1,3502.8,,7.23,,,1.62,,,12.57
1994-02-01,27.783361434936523,6.150000095367432,7159.411666666667,10241.390333333333,146.7,6.6,13.44466,1.114,112781.0,14.78,7377.2,4632.6,3.33,5.4,78.205,119.3,3.25,138.3,3469.1,,6.97,,,1.57,,,10.65
1994-03-01,26.466514587402344,6.77400016784668,7203.171333333333,10287.442666666668,147.1,6.5,19.47079,1.109,113242.0,14.68,7401.7,4646.0,3.59,5.94,78.35,119.7,3.34,135.7,3485.2,,7.51,,,1.47,,,15.83
1994-04-01,26.917659759521484,7.034999847412109,7246.931,10333.495,147.2,6.4,26.23476,1.128,113586.0,16.42,7402.0,4671.1,3.78,6.52,78.702,119.7,3.56,136.5,3507.2,,8.04,,,1.59,,,23.87
1994-05-01,27.346698760986328,7.1519999504089355,7274.978999999999,10353.629333333334,147.5,6.1,17.56821,1.143,113921.0,17.89,7487.4,4669.5,4.27,6.78,79.209,119.9,4.01,135.2,3469.4,,8.53,,,1.28,,,14.11
1994-06-01,26.544593811035156,7.328999996185303,7303.027,10373.763666666666,147.9,6.1,14.53892,1.169,114238.0,19.06,7475.5,4708.9,4.25,6.7,79.702,120.5,4.25,136.7,3497.1,,8.55,,,1.14,,,12.72
1994-07-01,27.583850860595703,7.09499979019165,7331.075,10393.898,148.4,6.1,18.1109,1.199,114610.0,19.66,7481.7,4720.6,4.46,6.91,80.064,120.7,4.26,138.7,3489.0,,8.57,,,1.15,,,14.36
1994-08-01,28.635366439819336,7.164999961853027,7372.479333333333,10433.586,149.0,6.0,16.28221,1.243,114896.0,18.38,7490.5,4762.6,4.61,6.88,80.317,121.2,4.47,137.2,3479.9,,8.38,,,1.1,,,11.17
1994-09-01,27.74343490600586,7.598999977111816,7413.883666666667,10473.274,149.3,5.9,15.59129,1.237,115247.0,17.45,7523.2,4775.0,4.75,7.08,80.34,121.0,4.73,137.6,3489.8,,8.48,,,1.04,,,11.86
1994-10-01,28.70562171936035,7.793000221252441,7455.288,10512.962,149.4,5.8,17.11879,1.212,115458.0,17.72,7594.7,4812.9,5.1,7.4,80.304,120.9,4.76,139.8,3466.2,,8.89,,,0.97,,,15.44
1994-11-01,27.562694549560547,7.888000011444092,7477.621666666666,10525.391666666666,149.8,5.6,15.06386,1.222,115869.0,18.07,7594.4,4825.6,5.45,7.72,80.17,121.5,5.29,138.9,3493.7,,9.05,,,0.98,,,14.84
1994-12-01,27.543804168701172,7.827000141143799,7499.955333333333,10537.821333333333,150.1,5.5,20.47609,1.203,116165.0,17.16,7629.1,4841.6,5.76,7.78,80.079,121.9,5.45,136.8,3510.1,,9.23,,,0.5,,,16.69
1995-01-01,28.696470260620117,7.5929999351501465,7522.289,10550.251,150.5,5.6,22.63967,1.19,116501.0,18.04,7653.7,4851.2,5.9,7.76,80.027,122.9,5.53,135.9,3508.3,,9.22,,,0.15,,,14.25
1995-02-01,29.86757469177246,7.210000038146973,7541.858333333334,10560.741666666667,150.9,5.4,22.29867,1.181,116697.0,18.57,7669.1,4850.8,5.94,7.37,79.993,123.5,5.92,136.1,3485.2,,8.94,,,0.33,,,11.73
1995-03-01,30.534019470214844,7.189000129699707,7561.4276666666665,10571.232333333333,151.2,5.4,18.01237,1.173,116907.0,18.54,7690.3,4885.4,5.91,7.05,80.079,123.9,5.98,135.9,3492.8,,8.53,,,0.42,,,11.65
1995-04-01,31.60870933532715,7.046000003814697,7580.997,10581.723,151.8,5.8,15.85165,1.197,117069.0,19.9,7633.6,4890.2,5.84,6.86,80.37,124.6,6.05,138.7,3504.1,,8.41,,,0.39,,,13.5
1995-05-01,32.86272048950195,6.285999774932861,7615.039666666667,10611.728,152.1,5.6,13.42437,1.256,117049.0,19.74,7710.9,4933.1,5.85,6.41,80.692,124.9,6.01,139.1,3490.5,,8.27,,,0.47,,,12.14
1995-06-01,33.33177185058594,6.203000068664551,7649.082333333334,10641.733,152.4,5.6,15.65712,1.281,117286.0,18.45,7734.0,4977.5,5.64,5.93,81.069,125.3,6.0,137.3,3549.4,,7.71,,,0.49,,,12.21
1995-07-01,34.6059455871582,6.428999900817871,7683.125,10671.738,152.6,5.7,18.80744,1.252,117380.0,17.33,7751.4,4970.2,5.59,6.01,81.41199999999999,125.3,5.85,137.7,3553.5,,7.63,,,0.42,,,11.57
1995-08-01,34.7600212097168,6.2729997634887695,7712.945333333333,10695.893,152.9,5.7,13.36496,1.222,117634.0,18.02,7756.6,5005.3,5.57,6.24,81.655,125.1,5.74,137.3,3596.8,,7.82,,,0.56,,,13.56
1995-09-01,36.04063415527344,6.1570000648498535,7742.765666666667,10720.047999999999,153.1,5.6,12.81947,1.206,117875.0,18.23,7782.0,5020.5,5.43,6.0,81.73899999999999,125.2,5.8,136.4,3597.3,,7.76,,,0.44,,,11.29
1995-10-01,36.12652587890625,6.002999782562256,7772.586,10744.203,153.5,5.5,17.10327,1.185,118031.0,17.43,7790.9,5013.9,5.44,5.86,81.72800000000001,125.3,5.76,136.4,3581.6,,7.57,,,0.33,,,13.95
1995-11-01,37.73344421386719,5.744999885559082,7804.546666666667,10771.026666666667,153.7,5.6,16.37051,1.161,118175.0,17.99,7812.3,5055.6,5.52,5.69,81.632,125.4,5.8,136.3,3623.9,,7.44,,,0.46,,,13.41
1995-12-01,38.09161376953125,5.574999809265137,7836.507333333333,10797.850333333334,153.9,5.6,18.06179,1.16,118320.0,19.03,7823.0,5097.5,5.29,5.51,81.514,125.7,5.6,138.0,3638.8,,7.33,,,0.39,,,11.11
1996-01-01,39.690731048583984,5.580999851226807,7868.468,10824.674,154.7,5.6,22.32591,1.186,118316.0,18.86,7833.7,5085.7,5.15,5.36,81.428,126.3,5.56,138.3,3661.5,,7.02,,,0.42,,,12.19
1996-02-01,39.81733322143555,6.111999988555908,7923.258666666667,10884.855000000001,155.0,5.5,18.13988,1.181,118739.0,19.09,7894.3,5132.8,4.96,5.38,81.4,126.2,5.22,140.8,3642.0,,7.02,,,0.7,,,12.65
1996-03-01,40.323814392089844,6.334000110626221,7978.049333333333,10945.036,155.5,5.5,22.85019,1.219,118993.0,21.33,7919.9,5173.3,5.1,5.97,81.666,126.4,5.31,141.2,3683.3,,7.41,,,0.73,,,16.72
1996-04-01,40.94316864013672,6.632999897003174,8032.84,11005.217,156.1,5.6,15.33092,1.305,119158.0,23.5,7872.3,5208.0,5.09,6.3,82.126,127.4,5.22,139.3,3702.9,,7.78,,,0.52,,,17.9
1996-05-01,41.872554779052734,6.843999862670898,8065.696,11038.123,156.4,5.6,17.03621,1.378,119486.0,21.17,7972.0,5223.8,5.15,6.48,82.603,128.1,5.24,138.6,3698.7,,7.99,,,0.65,,,16.07
1996-06-01,42.01931381225586,6.710999965667725,8098.552000000001,11071.029,156.7,5.3,18.38247,1.354,119769.0,20.42,8020.3,5229.8,5.23,6.69,83.04899999999999,128.0,5.27,138.9,3711.6,,8.3,,,0.61,,,16.86
1996-07-01,40.34377670288086,6.789999961853027,8131.408,11103.935,157.0,5.5,24.74001,1.328,120015.0,21.3,7999.4,5251.9,5.3,6.64,83.419,128.0,5.4,136.5,3715.4,,8.14,,,0.59,,,13.78
1996-08-01,41.12075424194336,6.935999870300293,8174.195666666667,11142.369333333332,157.2,5.1,16.77392,1.298,120199.0,21.9,8019.8,5275.0,5.19,6.39,83.646,128.3,5.22,135.9,3751.8,,8.23,,,0.57,,,18.76
1996-09-01,43.19596862792969,6.698999881744385,8216.983333333334,11180.803666666667,157.7,5.2,15.07813,1.293,120410.0,23.97,8038.7,5296.6,5.24,6.6,83.70299999999999,128.2,5.3,138.0,3734.3,,8.34,,,0.57,,,18.47
1996-10-01,44.82207489013672,6.348999977111816,8259.771,11219.238,158.2,5.2,17.3695,1.287,120665.0,24.88,8038.2,5328.5,5.12,6.27,83.63,128.0,5.24,136.4,3765.4,,8.06,,,0.62,,,17.05
1996-11-01,48.09425735473633,6.039999961853027,8294.065666666667,11243.380333333333,158.7,5.4,17.1207,1.308,120961.0,23.71,8060.2,5351.2,5.17,5.97,83.557,128.2,5.31,135.8,3780.9,,7.78,,,0.59,,,17.89
1996-12-01,46.7201042175293,6.4070000648498535,8328.360333333334,11267.522666666668,159.1,5.4,20.90072,1.318,121143.0,25.23,8087.7,5378.6,5.04,6.07,83.491,129.1,5.29,134.6,3816.3,,7.44,7.26,,0.47,3.13,,17.93
1997-01-01,49.85054016113281,6.502999782562256,8362.655,11291.665,159.4,5.3,21.04977,1.318,121363.0,25.13,8110.8,5411.1,5.17,6.33,83.531,129.7,5.25,131.3,3874.1,,7.67,7.36,,0.57,3.06,,21.14
1997-02-01,50.327388763427734,6.534999847412109,8414.711666666668,11354.220000000001,159.7,5.2,19.48103,1.312,121675.0,22.18,8133.4,5434.0,5.14,6.2,83.59700000000001,128.5,5.19,126.3,3820.8,,7.74,7.27,,0.58,3.08,,19.58
1997-03-01,47.923309326171875,6.9070000648498535,8466.768333333333,11416.775,159.8,5.2,22.95618,1.293,121990.0,20.97,8172.1,5454.2,5.28,6.54,83.912,127.3,5.39,123.3,3847.2,,7.84,7.4,,0.47,2.71,,20.89
1997-04-01,51.11845016479492,6.702000141143799,8518.825,11479.33,159.9,5.1,23.86214,1.288,122286.0,19.7,8178.2,5459.3,5.3,6.76,84.322,127.0,5.51,125.1,3930.6,,8.18,7.69,,0.48,2.9,,20.84
1997-05-01,54.349517822265625,6.663000106811523,8566.824333333334,11527.190333333334,159.9,4.9,17.6622,1.284,122546.0,20.82,8214.1,5460.2,5.2,6.57,84.865,127.4,5.5,122.5,3870.0,,8.01,7.52,,0.42,2.91,,19.87
1997-06-01,56.36397933959961,6.501999855041504,8614.823666666667,11575.050666666666,160.2,5.0,20.71605,1.286,122814.0,19.26,8240.5,5494.2,5.07,6.38,85.399,127.2,5.56,122.3,3884.0,,7.85,7.46,,0.43,2.66,,20.85
1997-07-01,61.06845474243164,6.004000186920166,8662.823,11622.911,160.4,4.9,20.17438,1.263,123111.0,19.66,8271.7,5548.8,5.19,6.12,85.84200000000001,126.9,5.52,121.2,3946.3,,7.62,7.27,,0.43,2.7,,21.0
1997-08-01,57.9048957824707,6.329999923706055,8697.184333333333,11656.181333333334,160.8,4.8,20.94969,1.31,123093.0,19.95,8314.6,5587.0,5.28,6.16,86.15100000000001,127.2,5.54,115.3,3940.2,,7.36,7.01,,0.31,2.57,,22.29
1997-09-01,60.467742919921875,6.10699987411499,8731.545666666667,11689.451666666666,161.2,4.9,19.08943,1.334,123585.0,19.8,8336.4,5601.7,5.08,6.11,86.311,127.5,5.54,115.3,3957.2,,7.53,7.13,,0.37,2.62,,24.53
1997-10-01,59.20248794555664,5.818999767303467,8765.907,11722.722,161.5,4.7,32.70251,1.3,123929.0,21.33,8377.6,5637.7,5.11,5.93,86.40899999999999,127.8,5.5,114.8,3986.7,,7.31,6.89,,0.29,2.63,,22.32
1997-11-01,61.49339294433594,5.85099983215332,8799.431333333332,11761.773333333333,161.7,4.6,28.99082,1.271,124235.0,20.19,8431.8,5661.1,5.28,5.8,86.633,127.9,5.52,115.6,3991.4,,7.24,6.9,,0.22,2.91,,32.09
1997-12-01,62.41786575317383,5.738999843597412,8832.955666666667,11800.824666666667,161.8,4.7,25.8091,1.236,124549.0,18.33,8480.3,5692.1,5.3,5.77,86.84899999999999,126.8,5.5,109.2,4032.4,,7.15,6.89,,0.08,2.9,,26.01
1998-01-01,63.47327423095703,5.51200008392334,8866.48,11839.876,162.0,4.6,32.15747,1.186,124812.0,16.72,8554.9,5689.9,5.18,5.42,87.164,125.4,5.56,102.7,4100.0,,7.03,6.73,,0.08,3.02,,23.42
1998-02-01,67.87158966064453,5.616000175476074,8900.886333333334,11876.414666666667,162.0,4.6,20.02632,1.137,125016.0,16.06,8608.9,5723.8,5.23,5.49,87.374,125.0,5.51,102.9,4041.3,,7.03,6.71,,0.21,2.96,,21.36
1998-03-01,70.97864532470703,5.6620001792907715,8935.292666666666,11912.953333333333,162.0,4.7,17.94028,1.097,125164.0,15.12,8658.3,5750.3,5.16,5.61,87.87799999999999,124.7,5.49,105.8,4101.2,,7.19,6.87,,0.12,2.8,,19.19
1998-04-01,72.0931167602539,5.666999816894531,8969.699,11949.492,162.2,4.3,22.26218,1.106,125442.0,15.35,8685.6,5788.1,5.08,5.61,88.55799999999999,124.9,5.45,105.3,4194.6,,7.15,6.76,,0.07,2.84,,23.37
1998-05-01,70.59584045410156,5.546000003814697,9020.165,11999.391666666666,162.6,4.4,22.98882,1.146,125844.0,14.91,8721.1,5837.9,5.14,5.63,89.374,125.1,5.49,109.7,4139.5,,7.22,6.8,,0.08,2.98,,19.34
1998-06-01,73.36785125732422,5.434000015258789,9070.631,12049.291333333334,162.8,4.5,24.20273,1.148,126076.0,13.72,8770.5,5871.7,5.12,5.52,90.195,124.8,5.56,106.5,4156.3,,7.05,6.68,,0.01,3.2,,22.83
1998-07-01,72.60671997070312,5.49399995803833,9121.097,12099.191,163.2,4.5,27.63758,1.134,126205.0,14.17,8786.0,5890.0,5.09,5.46,90.86,124.9,5.54,104.0,4224.6,,6.98,6.65,,-0.02,3.39,,18.0
1998-08-01,62.356117248535156,5.0320000648498535,9178.728333333333,12164.373,163.4,4.5,39.75307,1.108,126544.0,13.47,8814.4,5925.0,5.04,5.27,91.407,124.2,5.55,104.2,4201.4,,6.94,6.74,,0.0,3.42,,25.98
1998-09-01,66.09097290039062,4.409999847412109,9236.359666666667,12229.555,163.5,4.6,50.15187,1.091,126752.0,15.03,8840.5,5965.6,4.74,4.62,91.753,123.8,5.51,100.9,4274.9,,6.82,6.93,,0.19,5.26,,36.48
1998-10-01,71.70206451416016,4.603000164031982,9293.991,12294.737,163.9,4.5,43.78547,1.099,126954.0,14.46,8853.3,5998.8,4.07,4.18,92.001,124.0,5.07,102.8,4279.3,,6.6,6.39,,0.16,6.06,,43.48
1998-11-01,75.69454193115234,4.72599983215332,9333.221333333333,12333.417333333333,164.1,4.4,34.85911,1.086,127231.0,13.0,8889.8,6015.4,4.53,4.54,92.199,123.6,4.83,105.3,4306.8,,6.89,6.93,,0.51,6.33,,27.26
1998-12-01,80.3796615600586,4.638000011444092,9372.451666666668,12372.097666666667,164.4,4.4,25.64142,1.046,127596.0,11.35,8907.1,6070.5,4.5,4.45,92.445,122.8,4.68,104.5,4394.8,,6.71,6.65,,0.23,5.48,,24.97
1999-01-01,83.48748016357422,4.6529998779296875,9411.682,12410.778,164.7,4.3,34.01822,1.031,127702.0,12.52,8956.4,6073.9,4.45,4.6,92.715,122.9,4.63,103.6,4439.6,,6.79,6.72,,0.11,5.63,,26.17
1999-02-01,80.8101806640625,5.271999835968018,9449.858,12445.321333333333,164.7,4.4,21.43883,1.014,128120.0,12.01,8987.9,6099.2,4.56,4.91,92.981,122.3,4.76,102.1,4384.7,,6.75,6.67,,0.1,5.54,,27.67
1999-03-01,83.95755767822266,5.234000205993652,9488.034,12479.864666666666,164.8,4.2,22.87707,1.048,128227.0,14.68,8996.9,6133.0,4.57,5.14,93.611,122.6,4.81,102.2,4423.5,,7.06,7.17,,0.2,5.15,,28.37
1999-04-01,87.35724639892578,5.349999904632568,9526.21,12514.408,165.9,4.3,21.43229,1.232,128597.0,17.31,8969.0,6199.5,4.41,5.08,94.436,123.6,4.74,101.7,4520.1,,6.98,7.0,,0.26,5.11,,22.06
1999-05-01,85.35970306396484,5.611000061035156,9579.681999999999,12569.597666666667,166.0,4.2,19.48337,1.233,128808.0,17.72,8986.1,6232.1,4.63,5.44,95.361,124.7,4.74,100.5,4449.3,,7.02,6.98,,0.3,4.7,,24.15
1999-06-01,89.81570434570312,5.809999942779541,9633.154,12624.787333333334,166.0,4.3,20.60151,1.204,129089.0,17.92,9018.1,6260.3,4.72,5.81,96.365,125.2,4.76,98.5,4514.1,,7.41,7.46,,0.24,4.65,,26.62
1999-07-01,87.29210662841797,5.9070000648498535,9686.626,12679.977,166.7,4.3,23.39215,1.244,129414.0,20.1,9036.7,6287.6,4.69,5.68,97.193,125.7,4.99,92.0,4523.4,,7.71,7.53,,0.27,4.79,,19.69
1999-08-01,86.84002685546875,5.979000091552734,9757.807,12749.411666666667,167.1,4.2,26.13074,1.309,129569.0,21.28,9076.4,6331.9,4.87,5.84,97.899,126.9,5.07,91.5,4519.8,,7.89,7.7,,0.27,4.66,,25.59
1999-09-01,84.66188049316406,5.885000228881836,9828.988,12818.846333333335,167.8,4.2,22.09628,1.334,129772.0,23.8,9066.3,6386.5,4.82,5.8,98.401,128.0,5.22,92.3,4572.9,,7.83,7.84,,0.25,4.91,,22.93
1999-10-01,90.34054565429688,6.002999782562256,9900.169,12888.281,168.1,4.1,25.32469,1.329,130177.0,22.69,9117.2,6411.4,5.02,6.03,98.833,127.7,5.2,94.7,4566.9,,7.7,7.85,,0.27,5.06,,24.93
1999-11-01,91.8448257446289,6.163000106811523,9934.172333333334,12903.938,168.4,4.1,19.44613,1.319,130466.0,25.0,9177.2,6448.7,5.23,5.97,99.15,128.3,5.42,111.0,4576.8,,7.84,7.89,,0.23,5.13,,22.09
1999-12-01,96.852294921875,6.434999942779541,9968.175666666666,12919.595000000001,168.8,4.0,17.23688,1.353,130772.0,26.1,9248.6,6541.0,5.36,6.19,99.545,127.8,5.3,105.0,4649.0,,7.84,7.97,,0.17,4.86,,22.23
2000-01-01,92.25617980957031,6.666999816894531,10002.179,12935.252,169.3,4.0,24.4129,1.356,131005.0,27.26,9309.1,6542.9,5.5,6.58,100.0,128.3,5.45,101.3,4697.4,,8.15,8.22,,0.2,4.68,,24.21
2000-02-01,90.85148620605469,6.408999919891357,10084.026,13013.751,170.0,4.1,19.91344,1.422,131124.0,29.37,9345.2,6625.3,5.73,6.68,100.571,129.8,5.73,102.1,4684.6,,8.25,8.2,,0.02,4.87,,23.45
2000-03-01,99.40365600585938,6.0229997634887695,10165.873,13092.25,171.0,4.0,26.10467,1.594,131596.0,29.84,9370.3,6686.5,5.86,6.5,101.466,130.8,5.85,107.0,4722.6,,8.27,8.21,,-0.13,5.11,,21.64
2000-04-01,96.15628051757812,6.214000225067139,10247.72,13170.749,170.9,3.8,43.42907,1.561,131888.0,25.72,9418.3,6679.1,5.82,6.26,102.54,130.7,6.02,102.3,4783.4,,8.2,8.18,,-0.45,5.78,,24.03
2000-05-01,94.64451599121094,6.284999847412109,10271.201666666666,13175.129333333332,171.2,4.0,34.30836,1.552,132105.0,28.79,9457.3,6709.7,5.99,6.69,103.701,131.6,6.27,100.0,4738.0,,8.28,8.6,,-0.44,5.83,,25.88
2000-06-01,96.28057098388672,6.01800012588501,10294.683333333334,13179.509666666667,172.2,4.0,24.22,1.666,132061.0,31.82,9483.3,6746.9,5.86,6.3,104.855,133.8,6.53,98.2,4777.3,,8.54,8.7,,-0.41,6.22,,22.36
2000-07-01,94.99185180664062,6.0289998054504395,10318.165,13183.89,172.7,4.0,20.32775,1.642,132236.0,29.7,9533.3,6768.5,6.14,6.18,105.721,133.7,6.54,101.8,4764.4,,8.16,8.38,,-0.31,6.2,,19.83
2000-08-01,101.19873046875,5.729000091552734,10357.358,13210.01,172.7,4.1,18.0472,1.559,132230.0,31.26,9591.5,6802.8,6.28,6.06,106.521,132.9,6.5,100.3,4814.3,,8.12,8.28,,-0.27,6.31,,20.55
2000-09-01,95.40703582763672,5.7779998779296875,10396.551000000001,13236.13,173.6,3.9,18.59839,1.635,132353.0,33.88,9601.5,6888.6,6.18,5.93,107.135,134.7,6.52,98.1,4839.2,,7.96,8.11,,-0.41,6.48,,17.53
2000-10-01,95.19929504394531,5.756999969482422,10435.744,13262.25,173.9,3.9,28.46826,1.613,132351.0,33.11,9627.4,6893.8,6.29,5.78,107.728,135.4,6.51,97.8,4833.2,,7.83,8.14,,-0.15,6.77,,21.23
2000-11-01,88.09239959716797,5.439000129699707,10447.239666666666,13247.917,174.2,3.9,30.64967,1.608,132556.0,34.42,9629.8,6909.8,6.36,5.7,108.291,135.0,6.51,96.3,4881.0,,7.73,8.4,,-0.14,7.75,,24.28
2000-12-01,87.36402130126953,5.110000133514404,10458.735333333334,13233.584,174.6,3.9,34.10517,1.544,132709.0,28.44,9647.6,6952.2,5.94,5.17,108.791,136.2,6.4,95.0,4919.6,,7.65,8.29,,-0.1,8.98,,27.48
2001-01-01,91.52803039550781,5.178999900817871,10470.231,13219.251,175.6,4.2,28.86119,1.525,132698.0,29.59,9697.4,6987.4,5.29,4.86,109.214,140.0,5.98,97.0,4984.9,,7.07,7.8,,0.05,9.36,,29.99
2001-02-01,82.79739379882812,4.9079999923706055,10513.154,13246.632,176.0,4.2,20.94825,1.538,132789.0,29.61,9708.8,7001.8,5.01,4.89,109.641,137.4,5.49,94.8,4990.9,,7.09,7.43,,0.55,7.83,,21.66
2001-03-01,77.94779968261719,4.914999961853027,10556.077,13274.013,176.1,4.3,31.14923,1.503,132747.0,27.25,9733.9,6996.7,4.54,4.64,110.393,135.9,5.31,93.7,5080.0,,7.03,7.37,,0.46,7.68,,28.08
2001-04-01,84.83544158935547,5.3379998207092285,10599.0,13301.394,176.4,4.4,27.16244,1.617,132463.0,27.49,9705.0,7004.2,3.97,4.76,111.247,136.4,4.8,93.9,5140.0,,7.01,7.38,,0.76,8.21,,31.21
2001-05-01,84.35993957519531,5.413000106811523,10598.673333333334,13283.643333333333,177.3,4.3,22.1509,1.812,132410.0,28.63,9680.9,7052.8,3.7,4.93,112.202,136.8,4.21,93.1,5120.7,,7.14,7.37,,1.07,7.95,,24.2
2001-06-01,82.11611938476562,5.389999866485596,10598.346666666666,13265.892666666667,177.7,4.5,17.06226,1.731,132299.0,27.6,9679.4,7069.7,3.57,4.81,113.272,135.5,3.97,97.2,5165.5,,7.24,7.29,,1.17,7.65,,21.59
2001-07-01,81.51004028320312,5.0370001792907715,10598.02,13248.142,177.4,4.6,22.31875,1.565,132177.0,26.43,9820.7,7082.3,3.59,4.76,114.226,133.4,3.77,94.7,5164.6,,7.19,7.28,,1.16,8.18,,18.76
2001-08-01,76.67384338378906,4.815999984741211,10618.835000000001,13260.388333333332,177.4,4.9,19.9697,1.509,132028.0,27.37,9982.1,7121.7,3.44,4.57,114.987,133.4,3.65,94.4,5232.4,,7.0,6.95,,1.28,8.09,,20.56
2001-09-01,70.15174102783203,4.574999809265137,10639.65,13272.634666666667,178.1,5.0,42.43291,1.609,131771.0,26.2,9896.5,7007.0,2.69,4.12,115.464,133.3,3.07,95.9,5249.6,,6.89,6.85,,1.16,8.04,,25.85
2001-10-01,71.33187103271484,4.263000011444092,10660.465,13284.881,177.6,5.3,29.33796,1.442,131454.0,22.17,9722.4,7212.9,2.2,3.91,115.68,130.3,2.49,99.8,5301.2,,6.64,6.83,,1.73,10.14,,32.32
2001-11-01,76.89412689208984,4.74399995803833,10701.476666666667,13321.557333333332,177.5,5.5,26.39871,1.324,131142.0,19.64,9733.4,7182.3,1.91,3.97,115.837,129.8,2.09,99.5,5370.0,,6.56,6.59,,1.75,9.56,,32.31
2001-12-01,77.06268310546875,5.0320000648498535,10742.488333333333,13358.233666666667,177.4,5.7,24.35863,1.2,130982.0,19.39,9750.3,7166.7,1.72,4.39,116.054,128.1,1.82,97.4,5419.1,,6.84,6.83,,1.93,8.38,,25.77
2002-01-01,76.5700454711914,5.025000095367432,10783.5,13394.91,177.7,5.7,28.65188,1.209,130852.0,19.72,9951.9,7184.6,1.68,4.34,116.436,128.5,1.73,97.2,5499.4,,7.14,7.1,,1.98,8.12,,22.71
2002-02-01,75.1966781616211,4.859000205993652,10818.153333333334,13422.392,178.0,5.7,24.84717,1.21,130736.0,20.72,9966.6,7225.2,1.76,4.3,116.916,128.4,1.74,99.0,5454.0,,7.02,6.93,,1.94,7.81,,21.12
2002-03-01,77.4765625,5.406000137329102,10852.806666666665,13449.874,178.5,5.7,17.77277,1.324,130717.0,24.53,9973.3,7243.4,1.83,4.74,117.929,129.8,1.73,104.0,5511.4,,6.8,7.12,,1.8,7.99,,19.96
2002-04-01,73.1799087524414,5.091000080108643,10887.46,13477.356,179.3,5.9,20.08723,1.493,130623.0,26.18,10007.2,7312.5,1.75,4.65,119.209,130.8,1.75,103.6,5534.0,,7.13,7.52,,1.7,7.0,,18.73
2002-05-01,72.74568939208984,5.043000221252441,10919.653333333334,13495.484333333334,179.5,5.8,18.91645,1.508,130634.0,27.04,10047.9,7288.9,1.76,4.49,120.788,130.8,1.75,106.8,5502.5,,6.78,7.52,,1.87,6.89,,20.06
2002-06-01,67.14151000976562,4.823999881744385,10951.846666666666,13513.612666666666,179.6,5.8,24.79973,1.489,130684.0,25.52,10078.5,7322.5,1.73,4.19,122.333,130.9,1.75,110.8,5519.6,,6.71,6.94,,1.87,7.27,,23.37
2002-07-01,62.065914154052734,4.465000152587891,10984.04,13531.741,180.0,5.8,51.59039,1.496,130590.0,26.97,10053.5,7387.3,1.71,3.81,123.687,131.2,1.73,113.3,5539.7,,6.57,7.11,,1.97,8.69,,27.11
2002-08-01,62.4880485534668,4.13700008392334,11009.837666666668,13537.634333333333,180.5,5.7,39.48278,1.508,130587.0,28.39,10056.6,7412.6,1.65,3.29,124.73,131.5,1.74,110.6,5631.4,,6.43,7.2,,2.32,9.54,,36.95
2002-09-01,55.68639373779297,3.6070001125335693,11035.635333333334,13543.527666666667,180.8,5.7,31.96925,1.507,130501.0,29.66,10068.3,7391.5,1.66,2.94,125.494,132.3,1.75,109.5,5627.7,,6.15,6.89,,1.97,9.6,,39.97
2002-10-01,60.53864669799805,3.9110000133514404,11061.433,13549.421,181.2,5.7,31.46399,1.535,130628.0,28.84,10097.3,7435.2,1.61,2.95,126.136,133.2,1.75,112.5,5683.3,,6.01,6.78,,1.92,10.21,,34.12
2002-11-01,64.27273559570312,4.2129998207092285,11098.998333333335,13572.758666666667,181.5,5.9,23.5922,1.534,130615.0,26.35,10124.3,7463.8,1.25,3.05,126.642,133.1,1.34,111.6,5737.0,,6.13,6.96,,2.25,10.47,,29.3
2002-12-01,60.340335845947266,3.818000078201294,11136.563666666667,13596.096333333333,181.8,6.0,24.47894,1.477,130472.0,29.46,10148.6,7519.9,1.21,3.03,127.15,132.9,1.24,112.4,5786.3,719542.0,6.19,6.48,,2.15,8.67,,27.46
2003-01-01,59.14548873901367,3.9749999046325684,11174.129,13619.434,182.6,5.8,26.33919,1.557,130580.0,32.95,10133.6,7541.3,1.19,3.05,127.652,135.3,1.24,117.0,5838.3,730994.0,5.85,6.17,1.64,2.27,8.65,,25.39
2003-02-01,58.3482780456543,3.696000099182129,11220.341333333334,13659.991666666667,183.6,5.9,22.72928,1.686,130444.0,35.83,10097.6,7548.6,1.19,2.9,128.326,137.6,1.26,126.4,5775.9,719643.0,5.88,5.94,1.81,2.29,8.21,,31.02
2003-03-01,58.23829650878906,3.822999954223633,11266.553666666667,13700.549333333332,183.9,5.9,30.03399,1.791,130232.0,33.51,10121.5,7611.5,1.15,2.78,129.308,141.2,1.25,127.2,5845.4,722649.0,5.67,5.56,1.91,2.16,8.29,,30.43
2003-04-01,63.420658111572266,3.8570001125335693,11312.766,13741.107,183.2,6.0,25.45252,1.704,130177.0,28.17,10181.4,7634.5,1.15,2.93,130.488,136.8,1.26,119.4,5956.0,732452.0,5.79,5.61,1.82,2.34,7.61,,28.36
2003-05-01,66.89838409423828,3.3499999046325684,11397.400333333333,13817.457,182.9,6.1,20.70543,1.587,130196.0,28.11,10261.2,7650.3,1.09,2.52,131.839,136.7,1.26,115.1,5952.1,733466.0,5.7,5.24,1.75,2.38,6.37,,21.59
2003-06-01,67.36758422851562,3.5280001163482666,11482.034666666666,13893.806999999999,183.1,6.3,20.10598,1.558,130194.0,30.66,10291.2,7699.6,0.94,2.27,133.225,138.0,1.22,124.5,5957.4,731667.0,5.26,4.81,1.6,2.1,6.66,,20.85
2003-07-01,68.82978820800781,4.473999977111816,11566.669,13970.157,183.7,6.2,20.6858,1.567,130191.0,30.76,10415.5,7757.0,0.92,2.87,134.64600000000002,137.7,1.01,124.8,6075.6,740126.0,5.4,4.81,1.64,2.26,6.15,,19.46
2003-08-01,70.24948120117188,4.453999996185303,11635.190666666667,14023.897666666666,184.5,6.1,17.6541,1.671,130149.0,31.57,10487.7,7852.1,0.97,3.37,135.965,138.0,1.03,122.9,6094.5,734018.0,6.14,5.5,2.04,2.59,5.77,,20.75
2003-09-01,69.2176513671875,3.937000036239624,11703.712333333333,14077.638333333334,185.1,6.1,15.3803,1.771,130254.0,28.31,10369.1,7853.7,0.96,3.18,137.076,138.5,1.01,126.0,6072.4,750461.0,6.44,5.47,2.18,2.57,5.46,,19.02
2003-10-01,73.20254516601562,4.301000118255615,11772.234,14131.379,184.9,6.0,14.84848,1.646,130454.0,30.34,10408.4,7867.4,0.94,3.19,137.976,139.3,1.01,133.0,6066.0,753155.0,5.77,4.89,2.0,2.49,5.46,,21.07
2003-11-01,74.00201416015625,4.320000171661377,11822.638333333334,14158.366,185.0,5.8,12.07927,1.578,130474.0,31.11,10470.9,7922.6,0.95,3.29,138.765,138.9,1.0,133.0,6048.3,744116.0,5.98,5.22,2.43,2.5,4.65,,16.55
2003-12-01,77.35973358154297,4.256999969482422,11873.042666666666,14185.353000000001,185.5,5.7,15.00226,1.538,130588.0,32.13,10479.0,7950.4,0.91,3.27,139.628,139.5,0.98,136.5,6086.3,749981.0,6.02,5.2,2.32,2.28,4.37,,16.77
2004-01-01,79.26187896728516,4.138000011444092,11923.447,14212.34,186.3,5.7,16.86345,1.635,130769.0,34.31,10472.7,8007.1,0.9,3.12,140.705,141.4,1.0,142.9,6118.4,755829.0,5.87,5.01,2.32,2.44,4.08,,18.22
2004-02-01,80.3375015258789,3.9839999675750732,11986.569666666666,14249.232333333333,186.7,5.6,12.7306,1.715,130825.0,34.69,10491.3,8040.4,0.94,3.07,142.029,142.1,1.01,144.7,6037.0,754153.0,5.72,4.82,2.34,2.35,4.06,,17.11
2004-03-01,78.99644470214844,3.8369998931884766,12049.692333333334,14286.124666666667,187.1,5.8,15.04307,1.809,131142.0,36.74,10533.6,8098.8,0.95,2.79,144.08,143.1,1.0,141.4,6112.5,754867.0,5.59,4.66,2.45,2.33,4.29,,14.44
2004-04-01,77.7734375,4.500999927520752,12112.815,14323.017,187.4,5.6,16.64586,1.875,131411.0,36.75,10569.6,8107.2,0.96,3.39,146.179,144.8,1.0,142.6,6247.4,754083.0,5.52,4.64,2.43,2.26,4.32,,16.65
2004-05-01,79.10520935058594,4.65500020980835,12176.979000000001,14367.955333333333,188.2,5.6,16.62062,2.05,131694.0,40.28,10623.3,8176.5,1.04,3.85,148.334,146.8,1.0,140.9,6219.2,758838.0,6.12,5.2,2.44,2.19,3.93,,16.62
2004-06-01,80.27571105957031,4.617000102996826,12241.143,14412.893666666667,188.9,5.6,14.77816,2.083,131793.0,38.03,10631.8,8157.6,1.29,3.93,150.518,147.2,1.03,134.8,6295.8,764090.0,6.28,5.48,2.74,2.11,4.25,,16.3
2004-07-01,77.97293853759766,4.474999904632568,12305.307,14457.832,189.1,5.5,17.4898,1.982,131848.0,40.78,10658.1,8236.9,1.36,3.69,152.33700000000002,147.4,1.26,137.8,6302.8,778163.0,6.21,5.4,2.53,1.93,4.13,,15.2
2004-08-01,78.16289520263672,4.131999969482422,12379.276,14507.086333333333,189.2,5.4,15.68574,1.941,131937.0,44.9,10693.5,8271.6,1.5,3.47,153.814,148.0,1.43,139.5,6277.5,772085.0,5.99,5.33,2.48,1.82,4.04,,15.37
2004-09-01,78.62014770507812,4.11899995803833,12453.245,14556.340666666667,189.8,5.4,14.30072,1.934,132093.0,45.94,10701.4,8341.5,1.68,3.36,155.108,147.7,1.61,140.5,6350.3,785273.0,5.77,4.99,2.36,1.72,4.07,,14.91
2004-10-01,79.96456146240234,4.0289998054504395,12527.214,14605.595,190.8,5.5,15.51667,2.072,132447.0,53.28,10707.4,8397.1,1.79,3.35,156.299,150.0,1.76,142.2,6346.9,781777.0,5.82,5.03,2.38,1.58,3.78,,12.75
2004-11-01,83.2776107788086,4.357999801635742,12607.238,14659.678666666667,191.7,5.4,13.92888,2.053,132503.0,48.47,10677.3,8444.5,2.11,3.53,157.496,151.4,1.93,147.6,6356.4,790552.0,5.7,4.95,2.44,1.5,3.56,,16.27
2004-12-01,85.63570404052734,4.216000080108643,12687.262,14713.762333333332,191.7,5.4,17.00774,1.926,132624.0,43.15,11072.9,8504.4,2.22,3.6,158.67,150.2,2.16,153.7,6438.8,807063.0,5.81,5.19,2.59,1.37,3.15,,12.97
2005-01-01,84.11119079589844,4.132999897003174,12767.286,14767.846,191.6,5.3,17.34822,1.866,132774.0,46.84,10670.3,8497.7,2.37,3.71,160.13,150.9,2.28,154.6,6443.1,815702.0,5.77,5.08,2.53,1.13,3.06,,14.08
2005-02-01,85.869384765625,4.359000205993652,12819.076000000001,14791.799666666666,192.4,5.4,13.99061,1.96,133032.0,48.15,10677.1,8559.1,2.58,3.77,161.924,151.6,2.5,148.7,6408.5,804746.0,5.63,5.1,2.48,0.86,3.26,,12.03
2005-03-01,83.96879577636719,4.495999813079834,12870.866,14815.753333333334,193.1,5.2,14.56986,2.107,133156.0,54.19,10717.4,8598.4,2.8,4.17,164.576,153.7,2.63,148.3,6460.4,801252.0,5.79,5.3,2.69,0.79,2.81,,12.04
2005-04-01,82.71927642822266,4.201000213623047,12922.656,14839.707,193.7,5.2,18.86542,2.325,133518.0,52.98,10751.9,8678.4,2.84,4.0,166.99900000000002,155.0,2.79,151.7,6522.0,797327.0,5.93,5.65,2.69,0.71,3.55,,14.09
2005-05-01,85.38485717773438,4.00600004196167,12995.984666666667,14878.568333333333,193.6,5.1,16.5387,2.257,133690.0,49.83,10799.8,8671.6,2.9,3.85,169.544,154.3,3.0,150.4,6442.7,802412.0,5.75,5.61,2.6,0.57,4.17,,15.12
2005-06-01,85.1704330444336,3.944999933242798,13069.313333333334,14917.429666666667,193.7,5.0,16.72385,2.218,133942.0,56.35,10824.4,8753.4,3.04,3.77,172.015,154.3,3.04,148.0,6522.0,817335.0,5.62,5.2,2.37,0.41,4.13,,12.36
2005-07-01,88.7861099243164,4.285999774932861,13142.642,14956.291,194.9,5.0,13.62265,2.357,134296.0,59.0,10839.0,8853.8,3.29,3.98,174.097,156.3,3.26,150.9,6541.1,821556.0,5.62,5.32,2.31,0.3,3.75,,11.4
2005-08-01,87.95379638671875,4.019999980926514,13203.162666666667,14984.604666666666,196.1,4.9,17.18328,2.548,134498.0,64.99,10856.6,8850.1,3.52,4.12,175.922,157.6,3.5,148.9,6528.3,818841.0,5.82,5.49,2.37,0.28,3.29,,12.08
2005-09-01,88.28385162353516,4.328000068664551,13263.683333333332,15012.918333333333,198.8,5.0,15.09064,2.969,134566.0,65.59,10815.7,8900.4,3.49,4.01,177.61,162.2,3.62,153.6,6601.5,822500.0,5.71,5.2,2.41,0.3,3.7,,13.15
2005-10-01,86.56279754638672,4.559000015258789,13324.204,15041.232,199.1,5.0,15.21078,2.83,134655.0,62.26,10870.2,8938.5,3.79,4.33,178.752,166.2,3.78,160.3,6592.3,817137.0,5.98,5.62,2.55,0.18,3.47,,12.46
2005-11-01,90.36742401123047,4.5,13415.856,15108.850666666667,198.1,5.0,13.51473,2.387,134993.0,58.32,10937.8,8946.2,3.97,4.45,179.674,163.7,4.0,164.5,6655.6,814571.0,6.31,5.87,2.58,0.16,3.57,,14.85
2005-12-01,89.71890258789062,4.394999980926514,13507.508,15176.469333333333,198.1,4.9,14.15804,2.23,135149.0,59.41,10976.2,8981.1,3.97,4.39,180.107,163.0,4.16,167.1,6691.0,833250.0,6.26,5.93,2.37,0.07,3.62,,11.24
2006-01-01,92.36042785644531,4.5269999504089355,13599.16,15244.088,199.3,4.7,17.61133,2.359,135429.0,65.49,11096.7,9071.6,4.34,4.35,180.828,164.3,4.29,178.5,6731.0,851856.0,6.21,5.62,2.34,0.03,3.73,101.4155,11.14
2006-02-01,92.8892593383789,4.546999931335449,13650.581333333334,15256.567,199.4,4.8,12.64287,2.354,135737.0,61.63,11151.4,9096.0,4.54,4.57,181.5,161.8,4.49,191.9,6705.7,831808.0,6.23,5.77,2.55,-0.02,3.35,99.6132,12.36
2006-03-01,94.04829406738281,4.853000164031982,13702.002666666667,15269.046,199.7,4.7,13.72491,2.444,136047.0,62.69,11195.7,9132.9,4.63,4.72,182.749,162.2,4.59,193.5,6802.0,839356.0,6.24,5.81,2.57,-0.12,3.33,99.8355,11.54
2006-04-01,95.61503601074219,5.068999767303467,13753.424,15281.525,200.7,4.7,14.35939,2.801,136205.0,69.44,11190.3,9191.6,4.72,4.9,183.648,164.3,4.79,195.4,6840.0,834589.0,6.43,6.08,2.52,0.02,3.09,100.6204,11.57
2006-05-01,92.73501586914062,5.11299991607666,13792.345333333335,15289.189,201.3,4.6,17.61267,2.993,136244.0,70.84,11182.7,9231.8,4.84,5.0,184.38,165.8,4.94,214.7,6783.7,843867.0,6.59,6.23,2.72,0.2,2.96,97.9085,12.54
2006-06-01,92.56774139404297,5.138000011444092,13831.266666666666,15296.853,201.8,4.6,17.37663,2.963,136325.0,70.95,11198.2,9259.6,4.92,5.07,184.547,166.1,4.99,234.7,6856.5,849074.0,6.67,6.32,2.65,0.07,3.13,97.7726,14.52
2006-07-01,93.39325714111328,4.98799991607666,13870.188,15304.517,202.9,4.7,18.61206,3.046,136520.0,74.41,11196.3,9343.8,5.08,5.04,184.607,166.8,5.24,209.1,6872.6,851659.0,6.79,6.44,2.59,-0.02,3.33,98.0371,13.05
2006-08-01,95.43131256103516,4.73199987411499,13926.645333333334,15347.559,203.8,4.7,17.9247,3.033,136694.0,73.04,11189.6,9342.2,5.09,4.82,184.404,167.9,5.25,222.1,6904.1,850263.0,6.63,6.26,2.59,0.02,3.44,98.1715,15.05
2006-09-01,97.57898712158203,4.632999897003174,13983.102666666666,15390.601,202.8,4.5,13.80059,2.637,136843.0,63.8,11252.3,9375.4,4.93,4.67,184.198,165.4,5.25,221.0,6931.5,848594.0,6.47,6.04,2.48,-0.04,3.49,97.5084,11.96
2006-10-01,101.0970458984375,4.605999946594238,14039.56,15433.643,201.9,4.4,14.63558,2.319,136852.0,58.89,11306.0,9393.6,5.05,4.69,184.055,162.2,5.25,207.8,6916.0,842296.0,6.3,5.94,2.35,-0.04,3.44,97.9247,12.57
2006-11-01,103.10737609863281,4.458000183105469,14098.257,15448.747333333333,202.0,4.5,12.12798,2.287,137063.0,59.08,11353.1,9400.2,5.07,4.58,183.633,164.6,5.25,205.2,7014.2,855536.0,6.31,5.85,2.28,-0.09,3.3,97.4949,11.51
2006-12-01,103.9071044921875,4.710000038146973,14156.954,15463.851666666667,203.1,4.4,15.56565,2.38,137249.0,61.96,11406.8,9488.3,4.97,4.53,183.231,165.6,5.24,219.2,7065.8,862178.0,6.11,5.71,2.33,-0.09,3.21,96.4585,11.66
2007-01-01,106.05753326416016,4.826000213623047,14215.651,15478.956,203.437,4.6,14.47927,2.321,137477.0,54.51,11403.7,9538.7,5.11,4.75,182.72,164.0,5.25,219.9,7127.8,874626.0,6.18,5.95,2.3,-0.12,2.91,97.0323,12.04
2007-02-01,103.97697448730469,4.550000190734863,14277.794666666667,15511.897,204.226,4.5,15.24215,2.333,137558.0,59.28,11439.6,9566.0,5.16,4.71,182.472,166.8,5.26,220.7,7096.4,855057.0,6.34,6.04,2.42,-0.12,2.66,97.7101,10.31
2007-03-01,104.76641082763672,4.6479997634887695,14339.938333333334,15544.838,205.288,4.4,26.01788,2.639,137793.0,60.44,11475.0,9611.7,5.08,4.48,182.194,169.3,5.26,231.6,7165.7,864505.0,6.18,5.77,2.37,-0.07,2.83,97.3358,15.82
2007-04-01,109.84101867675781,4.630000114440918,14402.082,15577.779,205.904,4.5,18.74861,2.909,137842.0,63.98,11490.1,9643.6,5.01,4.59,182.132,171.4,5.25,228.7,7268.9,862319.0,6.17,5.89,2.44,0.05,2.86,96.3175,14.53
2007-05-01,113.56690216064453,4.889999866485596,14456.093666666668,15609.054333333333,206.755,4.4,16.40508,3.176,137993.0,63.46,11495.5,9685.8,4.87,4.67,181.885,173.3,5.25,236.6,7251.4,890857.0,6.16,5.87,2.45,0.01,2.74,95.0037,13.51
2007-06-01,111.4261703491211,5.0329999923706055,14510.105333333333,15640.329666666667,207.234,4.6,18.91876,3.1,138069.0,67.49,11488.4,9706.8,4.74,5.03,181.54,173.8,5.25,232.9,7286.8,872706.0,6.53,6.19,2.38,-0.02,2.41,94.132,12.78
2007-07-01,108.40264892578125,4.770999908447266,14564.117,15671.605,207.603,4.7,25.21186,3.013,138038.0,74.12,11500.4,9751.1,4.96,4.88,180.993,175.1,5.26,228.6,7291.0,876611.0,6.63,6.26,2.39,0.14,3.03,93.634,15.4
2007-08-01,109.79376983642578,4.5370001792907715,14614.430666666667,15703.452,207.667,4.6,40.30518,2.833,138015.0,72.36,11506.2,9798.9,4.32,4.43,180.235,172.4,5.02,232.3,7330.8,870261.0,6.68,6.36,2.32,0.2,4.28,93.4011,23.67
2007-09-01,113.50586700439453,4.578999996185303,14664.744333333334,15735.299,208.547,4.7,25.32384,2.839,138095.0,79.92,11527.1,9845.1,3.99,4.2,179.122,173.5,4.94,232.7,7380.6,871156.0,6.46,6.23,2.2,0.43,4.55,93.6691,22.78
2007-10-01,115.5915298461914,4.474999904632568,14715.058,15767.146,209.19,4.7,22.74775,2.843,138174.0,85.8,11523.6,9882.7,4.0,4.2,177.53,174.7,4.76,250.2,7346.7,869051.0,6.37,6.22,2.3,0.54,4.19,90.8801,17.84
2007-11-01,111.1143798828125,3.9719998836517334,14712.218,15745.732666666667,210.834,4.7,23.46795,3.118,138284.0,94.77,11512.3,9955.9,3.35,3.67,175.162,179.0,4.49,265.0,7418.0,885724.0,6.26,6.1,2.36,0.59,4.53,89.1628,23.21
2007-12-01,109.28313446044922,4.034999847412109,14709.378,15724.319333333335,211.445,5.0,26.12662,3.069,138392.0,91.69,11552.1,9972.8,3.07,3.49,173.338,178.6,4.24,280.4,7468.6,882764.0,5.96,6.06,2.32,0.99,5.82,89.6403,23.61
2008-01-01,103.22069549560547,3.6389999389648438,14706.538,15702.906,212.174,5.0,34.55238,3.096,138403.0,92.97,11553.4,9996.4,2.82,2.98,171.079,181.0,3.94,281.5,7539.3,922187.0,6.07,6.14,2.32,1.03,6.1,89.6297,23.17
2008-02-01,100.55321502685547,3.5339999198913574,14759.592333333334,15732.861666666668,212.687,4.9,23.82917,3.083,138324.0,95.39,11547.6,9981.7,2.17,2.78,169.19299999999998,182.7,2.98,311.5,7549.0,871022.0,5.67,6.05,2.31,1.53,6.96,88.4824,24.02
2008-03-01,99.16313171386719,3.431999921798706,14812.646666666666,15762.817333333332,213.448,5.1,28.79169,3.307,138275.0,105.45,11545.3,10035.3,1.28,2.48,167.905,187.9,2.61,322.8,7650.2,881208.0,6.03,6.2,2.46,1.93,7.75,87.2381,26.28
2008-04-01,104.40377044677734,3.759000062942505,14865.701,15792.773,213.942,5.0,22.19162,3.491,138035.0,112.58,11500.7,10070.3,1.31,2.84,167.32299999999998,190.9,2.28,334.5,7812.7,883708.0,5.88,6.59,2.35,1.77,8.02,87.0276,22.68
2008-05-01,105.98197937011719,4.046000003814697,14876.800333333333,15765.036,215.208,5.4,18.92874,3.813,137858.0,125.4,12060.9,10132.3,1.76,3.15,167.02,196.6,1.98,316.4,7699.4,889228.0,6.06,6.46,2.26,1.41,6.81,87.1347,18.88
2008-06-01,96.64108276367188,3.9790000915527344,14887.899666666666,15737.298999999999,217.463,5.6,18.24961,4.115,137687.0,133.88,11755.3,10187.1,1.89,3.49,166.537,200.5,2.0,309.5,7728.9,895939.0,6.09,6.53,2.47,1.47,6.67,86.6321,19.83
2008-07-01,96.25170135498047,3.9790000915527344,14898.999,15709.562,219.016,5.8,27.89475,4.142,137491.0,133.37,11574.0,10185.1,1.66,3.3,165.71400000000003,205.5,2.01,311.0,7780.8,902962.0,6.35,6.79,2.52,1.38,7.48,86.8447,23.65
2008-08-01,97.73915100097656,3.812999963760376,14802.068666666666,15595.243666666667,218.69,6.1,18.81,3.838,137213.0,116.67,11506.9,10175.7,1.75,3.14,164.27900000000002,199.0,2.0,327.3,7759.4,901710.0,6.52,6.94,2.34,1.46,8.13,86.8257,22.57
2008-09-01,88.02521514892578,3.8269999027252197,14705.138333333334,15480.925333333333,218.877,6.1,55.96577,3.749,136753.0,104.11,11531.5,10116.4,1.15,2.88,161.91299999999998,196.9,1.81,292.0,7722.8,905253.0,6.35,6.93,2.05,1.48,8.36,90.08,21.99
2008-10-01,73.90998077392578,3.9700000286102295,14608.208,15366.607,216.995,6.5,69.835,3.225,136272.0,76.61,11616.7,10034.1,0.69,2.73,159.164,186.4,0.97,291.3,7891.1,1503989.0,6.1,7.89,1.51,1.95,11.24,92.511,39.81
2008-11-01,68.76535034179688,2.9570000171661377,14549.105666666666,15306.896333333334,213.153,6.8,36.67022,2.208,135545.0,57.31,11713.8,9885.2,0.19,2.29,156.072,176.8,0.39,280.0,7939.3,2074205.0,6.2,10.15,0.87,2.51,16.29,99.4345,53.68
2008-12-01,68.87982177734375,2.24399995803833,14490.003333333334,15247.185666666666,211.398,7.3,29.51727,1.742,134839.0,41.12,11655.4,9801.5,0.03,1.52,152.54399999999998,170.9,0.16,265.0,8090.7,2136924.0,5.53,9.85,0.34,1.82,20.2,102.1744,68.51
2009-01-01,63.73706817626953,2.8440001010894775,14430.901,15187.475,211.933,7.8,31.16341,1.838,134055.0,41.71,11718.0,9847.2,0.13,1.6,149.361,171.2,0.15,285.4,8332.0,2121439.0,5.01,9.81,0.17,1.58,17.84,98.6008,39.19
2009-02-01,56.88857650756836,3.0409998893737793,14414.346,15178.907333333334,212.705,8.3,33.23752,1.979,133312.0,39.09,11598.7,9824.5,0.3,1.87,147.616,169.3,0.22,301.1,8251.9,1851437.0,5.25,9.04,1.07,1.87,16.4,102.5067,45.52
2009-03-01,61.190025329589844,2.684999942779541,14397.791000000001,15170.339666666667,212.495,8.7,34.05968,2.0,132512.0,47.94,11593.4,9773.2,0.22,1.82,146.514,168.1,0.18,329.4,8357.4,1901317.0,5.15,9.33,0.91,2.02,17.84,105.9617,52.65
2009-04-01,67.75050354003906,3.124000072479248,14381.236,15161.772,212.709,9.0,24.75241,2.107,131817.0,49.65,11660.2,9772.5,0.16,1.86,146.94299999999998,169.1,0.15,322.5,8475.1,2078936.0,4.78,9.41,1.31,1.85,17.12,102.1252,42.28
2009-05-01,71.71074676513672,3.4649999141693115,14403.784666666666,15180.063666666667,213.022,9.4,24.97516,2.314,131475.0,59.03,11826.7,9791.6,0.18,2.13,148.171,170.8,0.18,311.1,8412.3,2079758.0,4.84,8.69,1.41,2.29,13.34,100.0057,35.3
2009-06-01,71.26124572753906,3.5230000019073486,14426.333333333334,15198.355333333335,214.79,9.5,22.38257,2.681,131008.0,69.64,11610.9,9852.4,0.18,2.71,149.797,174.1,0.21,324.5,8433.7,2077695.0,5.29,7.96,1.91,2.74,11.36,94.8107,30.04
2009-07-01,77.01032257080078,3.500999927520752,14448.882,15216.647,214.726,9.5,20.36552,2.594,130668.0,64.15,11560.4,9886.3,0.18,2.46,150.748,172.5,0.16,330.1,8454.7,2005627.0,5.32,7.2,1.72,2.5,10.5,95.6581,26.22
2009-08-01,79.85504913330078,3.4010000228881836,14516.337333333333,15270.816333333334,215.445,9.6,19.76807,2.677,130485.0,71.05,11538.6,10004.1,0.17,2.57,150.667,175.0,0.16,326.4,8397.8,1989203.0,5.22,6.62,1.88,2.48,8.99,93.6331,25.56
2009-09-01,82.2945327758789,3.306999921798706,14583.792666666666,15324.985666666667,215.861,9.8,18.56616,2.626,130244.0,69.41,11573.1,9927.8,0.12,2.37,149.625,174.1,0.15,331.7,8423.3,2083720.0,5.08,6.09,1.64,2.46,9.18,95.2201,29.15
2009-10-01,81.09681701660156,3.3919999599456787,14651.248,15379.155,216.509,10.0,19.05928,2.613,130045.0,75.72,11538.1,9976.7,0.07,2.33,148.582,175.2,0.12,348.1,8416.3,2138086.0,4.94,5.69,1.71,2.34,8.11,93.5995,28.27
2009-11-01,86.09293365478516,3.2009999752044678,14689.035666666667,15404.789666666667,217.234,9.9,19.36492,2.709,130057.0,77.99,11571.0,9985.7,0.05,2.23,147.937,177.4,0.12,364.3,8437.8,2165067.0,4.98,5.67,2.04,2.53,7.6,92.4501,29.78
2009-12-01,87.26756286621094,3.8429999351501465,14726.823333333334,15430.424333333332,217.347,9.9,14.9086,2.671,129788.0,74.47,11630.0,10052.6,0.05,2.34,146.664,178.1,0.12,392.3,8559.7,2204074.0,4.71,5.44,2.14,2.61,7.58,90.8323,21.92
2010-01-01,84.5488052368164,3.6089999675750732,14764.611,15456.059,217.488,9.8,22.08107,2.779,129790.0,78.33,11644.6,10056.1,0.06,2.48,145.003,181.9,0.11,394.8,8534.2,2235304.0,5.09,5.54,2.38,2.76,6.34,92.3566,20.04
2010-02-01,87.18627166748047,3.5950000286102295,14836.471666666666,15505.915333333332,217.281,9.8,18.19538,2.709,129698.0,76.39,11655.6,10093.4,0.11,2.36,143.055,181.0,0.13,390.1,8428.8,2249319.0,5.01,5.21,2.39,2.82,6.54,93.7321,22.59
2010-03-01,92.11481475830078,3.8329999446868896,14908.332333333334,15555.771666666667,217.353,9.9,17.00726,2.829,129879.0,81.2,11702.1,10156.0,0.15,2.43,143.597,183.3,0.16,382.4,8527.7,2280147.0,4.97,5.19,2.15,2.81,6.66,93.7979,19.26
2010-04-01,93.92503356933594,3.6630001068115234,14980.193,15605.628,217.403,9.9,20.616,2.906,130110.0,84.29,11799.8,10182.3,0.16,2.58,145.40200000000002,184.4,0.2,388.5,8657.4,2307575.0,5.08,5.15,2.28,2.84,5.82,92.6661,17.47
2010-05-01,86.4622802734375,3.3010001182556152,15033.997,15645.846,217.29,9.6,26.76836,2.915,130650.0,73.74,11887.9,10210.8,0.16,2.18,147.037,184.8,0.2,400.6,8552.7,2326164.0,5.0,4.97,2.4,2.72,5.57,93.235,20.19
2010-06-01,81.60038757324219,2.9509999752044678,15087.801,15686.064,217.199,9.4,21.07875,2.783,130511.0,75.34,11895.0,10231.3,0.12,2.0,147.702,183.5,0.18,420.5,8651.4,2336216.0,4.79,5.18,1.97,2.51,7.04,96.6123,35.54
2010-07-01,87.58850860595703,2.9070000648498535,15141.605,15726.282,217.605,9.4,21.91355,2.783,130427.0,76.32,11910.8,10268.1,0.16,1.76,147.563,184.1,0.18,430.1,8604.4,2332017.0,4.58,4.97,1.75,2.33,7.17,95.8018,32.86
2010-08-01,83.64872741699219,2.4769999980926514,15197.560333333333,15753.519666666667,217.923,9.5,16.90346,2.795,130422.0,76.6,11949.7,10307.1,0.16,1.47,146.428,184.9,0.19,415.8,8585.3,2326479.0,4.49,4.7,1.86,2.43,6.54,92.7916,22.01
2010-09-01,90.65452575683594,2.5169999599456787,15253.515666666666,15780.757333333333,218.275,9.5,17.19933,2.754,130357.0,75.24,11949.4,10327.1,0.15,1.41,144.608,184.9,0.19,424.5,8670.1,2301996.0,4.32,4.5,1.56,2.08,6.8,94.1148,23.89
2010-10-01,94.62158203125,2.611999988555908,15309.471,15807.995,219.035,9.4,17.02104,2.843,130625.0,81.89,11950.4,10386.4,0.13,1.18,143.127,186.6,0.19,444.4,8692.9,2308092.0,4.27,4.33,1.79,2.12,6.22,90.836,22.5
2010-11-01,94.62158203125,2.796999931335449,15323.462,15795.300333333334,219.59,9.8,17.11786,2.899,130750.0,84.25,11960.5,10433.6,0.14,1.35,141.819,187.7,0.19,468.9,8705.5,2300353.0,4.24,4.27,2.17,2.32,5.96,90.0307,21.83
2010-12-01,100.4191665649414,3.305000066757202,15337.453,15782.605666666666,220.472,9.3,14.10408,3.031,130822.0,89.15,12030.1,10471.0,0.14,1.93,140.63299999999998,189.7,0.18,478.3,8829.1,2346920.0,4.46,4.59,2.14,2.44,6.02,91.6799,21.36
2011-01-01,103.29935455322266,3.378000020980835,15351.444,15769.911,221.187,9.1,18.03816,3.139,130841.0,89.17,12084.4,10514.3,0.15,1.99,139.045,192.7,0.17,485.5,8888.5,2436064.0,4.77,4.73,2.31,2.75,5.32,89.9524,17.61
2011-02-01,106.8876953125,3.4140000343322754,15420.141,15805.553666666667,221.898,9.0,13.25772,3.215,131053.0,88.58,12117.0,10540.6,0.13,2.26,137.74200000000002,195.8,0.16,473.5,8868.3,2469419.0,4.81,4.71,2.37,2.87,4.99,89.1436,17.63
2011-03-01,106.43815612792969,3.4539999961853027,15488.838,15841.196333333333,223.046,9.0,18.44328,3.594,131288.0,102.86,12083.3,10619.7,0.1,2.11,137.793,199.2,0.14,479.4,8996.3,2545119.0,4.87,4.64,2.41,2.75,4.76,88.831,21.01
2011-04-01,109.99650573730469,3.2960000038146973,15557.535,15876.839,224.093,9.1,16.56908,3.863,131602.0,109.53,12061.3,10652.1,0.06,2.17,139.161,203.1,0.1,497.0,9070.3,2648676.0,4.87,4.67,2.52,2.66,4.72,87.7993,17.4
2011-05-01,108.7629623413086,3.049999952316284,15587.583666666667,15874.787333333334,224.806,9.0,14.9139,3.982,131703.0,100.9,12043.2,10672.2,0.04,1.84,140.69299999999998,204.1,0.09,516.2,8997.9,2718757.0,4.71,4.45,2.56,2.7,4.74,85.5199,15.99
2011-06-01,106.40067291259766,3.1579999923706055,15617.632333333333,15872.735666666666,224.806,9.1,18.84275,3.753,131939.0,96.26,12087.9,10694.8,0.04,1.58,141.945,203.9,0.09,527.3,9094.4,2788723.0,4.55,4.24,2.22,2.52,5.15,86.5964,18.3
2011-07-01,104.78913116455078,2.805000066757202,15647.681,15870.684,225.395,9.0,25.27623,3.703,131999.0,97.3,12128.6,10731.6,0.04,1.54,142.341,204.6,0.07,532.2,9251.5,2870103.0,4.6,4.49,2.45,2.72,5.34,86.3613,15.87
2011-08-01,99.02825927734375,2.2179999351501465,15712.543,15930.023333333333,226.106,9.0,60.87111,3.68,132125.0,86.33,12120.6,10750.3,0.02,1.02,141.785,203.2,0.1,551.2,9387.6,2867215.0,4.39,4.13,2.44,2.39,5.63,86.0391,23.66
2011-09-01,91.6793441772461,1.9240000247955322,15777.405,15989.362666666666,226.597,9.0,28.10431,3.664,132358.0,85.52,12104.0,10783.2,0.01,0.9,140.16899999999998,203.7,0.08,614.4,9521.1,2858660.0,4.22,4.26,2.08,1.96,7.26,86.8512,31.82
2011-10-01,102.21197509765625,2.174999952316284,15842.267,16048.702,226.75,8.8,29.69039,3.521,132562.0,86.32,12117.0,10802.9,0.02,1.06,138.412,201.1,0.07,613.1,9538.8,2859701.0,3.94,4.54,1.73,1.56,8.72,92.5128,45.45
2011-11-01,101.79660034179688,2.068000078201294,15917.786,16092.457333333334,227.169,8.6,22.28761,3.475,132694.0,97.16,12112.6,10806.8,0.01,0.91,136.668,201.4,0.08,581.8,9636.7,2822034.0,4.0,4.33,2.05,1.78,7.42,90.7296,34.77
2011-12-01,102.21197509765625,1.871000051498413,15993.305,16136.212666666666,227.223,8.5,23.17159,3.329,132896.0,98.56,12227.3,10817.8,0.01,0.89,135.16899999999998,199.8,0.07,607.7,9686.0,2820691.0,4.0,4.69,2.05,1.84,7.69,91.227,27.41
2012-01-01,107.63030242919922,1.7990000247955322,16068.824,16179.968,227.842,8.3,21.87844,3.447,133250.0,100.27,12311.1,10896.8,0.03,0.84,134.167,200.7,0.08,573.2,9826.7,2917689.0,3.91,4.58,2.01,1.7,7.06,91.7551,22.97
2012-02-01,112.30203247070312,1.9769999980926514,16114.926,16204.554,228.329,8.3,18.29328,3.622,133512.0,102.2,12384.8,10987.2,0.09,0.83,133.993,201.6,0.1,580.5,9764.7,2924947.0,3.87,4.21,2.15,1.64,6.54,90.0963,18.55
2012-03-01,115.4083023071289,2.2160000801086426,16161.028,16229.140000000001,228.807,8.2,16.09793,3.918,133752.0,106.16,12431.1,10993.9,0.08,1.02,135.862,204.2,0.13,607.2,9887.8,2884747.0,3.9,4.06,2.26,1.73,5.94,89.7817,17.26
2012-04-01,115.14027404785156,1.9149999618530273,16207.13,16253.726,229.187,8.2,15.3554,3.976,133834.0,103.32,12486.5,11018.5,0.08,0.89,138.472,203.7,0.14,583.7,9959.8,2865478.0,3.98,4.11,2.36,1.89,5.99,90.247,15.64
2012-05-01,108.22547149658203,1.5809999704360962,16244.6,16263.201000000001,228.713,8.2,22.26058,3.839,133934.0,94.66,12490.2,11006.8,0.09,0.76,141.05100000000002,201.9,0.16,575.8,9906.3,2864280.0,3.84,4.02,2.26,1.71,5.96,90.3227,16.6
2012-06-01,112.036865234375,1.659000039100647,16282.07,16272.676,228.524,8.2,22.65574,3.602,134007.0,82.3,12482.6,10989.8,0.09,0.71,143.171,199.8,0.16,554.4,9939.2,2852018.0,3.67,4.02,2.06,1.22,7.16,94.6979,26.66
2012-07-01,113.94964599609375,1.4919999837875366,16319.54,16282.151,228.59,8.2,19.92154,3.502,134159.0,87.9,12396.5,11016.8,0.1,0.62,144.283,200.1,0.16,557.7,9990.2,2865858.0,3.62,3.95,2.11,1.31,6.45,92.951,16.74
2012-08-01,116.8043441772461,1.562000036239624,16353.155333333334,16288.112333333333,229.918,8.1,16.61462,3.759,134331.0,94.13,12364.4,11056.0,0.1,0.71,144.705,202.7,0.13,556.0,10068.3,2851118.0,3.55,3.72,2.23,1.32,6.1,92.8905,18.96
2012-09-01,119.12950134277344,1.6369999647140503,16386.770666666667,16294.073666666667,231.015,7.8,16.11155,3.908,134518.0,94.51,12453.3,11105.3,0.11,0.67,144.357,204.4,0.14,569.3,10131.5,2822169.0,3.55,3.62,2.27,1.36,5.98,92.1582,17.98
2012-10-01,117.58592224121094,1.6859999895095825,16420.386,16300.035,231.638,7.8,17.12059,3.839,134677.0,89.49,12538.2,11137.4,0.1,0.71,143.967,203.5,0.16,610.2,10196.6,2808512.0,3.36,3.47,2.42,1.39,5.71,90.7011,16.32
2012-11-01,118.25141143798828,1.6059999465942383,16489.940666666665,16347.185,231.249,7.7,15.50737,3.542,134833.0,86.53,12702.9,11178.4,0.09,0.67,143.96,201.8,0.16,608.7,10373.4,2830791.0,3.39,3.34,2.52,1.45,5.57,91.1217,16.69
2012-12-01,118.46769714355469,1.75600004196167,16559.495333333332,16394.335,231.221,7.9,16.36797,3.386,135072.0,87.86,13011.6,11181.2,0.07,0.7,143.86700000000002,201.5,0.16,599.4,10410.9,2859807.0,3.34,3.35,2.44,1.38,5.6,91.0084,16.64
2013-01-01,125.415283203125,1.9850000143051147,16629.05,16441.485,231.679,8.0,17.5705,3.407,135263.0,94.76,12258.9,11245.8,0.07,0.81,144.312,202.5,0.14,588.1,10630.2,2917189.0,3.34,3.36,2.48,1.59,5.16,90.6941,14.68
2013-02-01,127.01541137695312,1.8880000114440918,16652.550333333333,16449.124,232.937,7.7,18.75028,3.748,135541.0,95.31,12224.9,11282.1,0.1,0.85,145.16299999999998,204.3,0.15,582.8,10464.8,3014975.0,3.53,3.43,2.59,1.77,4.94,90.6923,12.9
2013-03-01,131.25457763671875,1.8519999980926514,16676.050666666666,16456.763,232.282,7.5,17.91352,3.792,135680.0,92.94,12262.1,11268.9,0.09,0.82,147.96200000000002,204.0,0.14,567.9,10572.1,3108805.0,3.52,3.34,2.53,1.61,5.0,92.6177,15.36
2013-04-01,134.37130737304688,1.6749999523162842,16699.551,16464.402,231.797,7.6,15.79309,3.647,135871.0,92.02,12299.0,11259.3,0.06,0.71,150.97,203.5,0.15,555.7,10720.4,3215432.0,3.54,3.36,2.51,1.63,4.87,92.1687,13.58
2013-05-01,137.54380798339844,2.1640000343322754,16770.056666666667,16507.849,231.893,7.5,15.00913,3.682,136093.0,94.51,12358.6,11295.1,0.04,0.84,153.863,204.1,0.11,520.2,10593.3,3317194.0,3.35,3.18,2.3,1.46,4.5,91.4331,14.49
2013-06-01,134.99403381347656,2.4779999256134033,16840.56233333333,16551.296,232.445,7.5,16.88806,3.693,136274.0,95.77,12361.7,11318.5,0.05,1.2,156.433,204.3,0.09,494.5,10634.0,3400183.0,3.91,3.55,2.2,1.83,4.76,93.163,16.28
2013-07-01,142.72129821777344,2.5929999351501465,16911.068,16594.743,232.9,7.3,15.04382,3.687,136386.0,104.67,12350.6,11346.8,0.04,1.4,158.296,204.4,0.09,467.6,10670.7,3492742.0,4.29,4.06,2.02,2.16,5.17,94.0998,16.37
2013-08-01,138.4407196044922,2.749000072479248,16985.083333333332,16634.082,233.456,7.2,13.40493,3.658,136628.0,106.57,12379.6,11376.9,0.04,1.52,159.404,204.2,0.08,450.7,10749.7,3585359.0,4.39,4.04,2.26,2.39,4.63,93.7972,12.94
2013-09-01,142.1291046142578,2.615000009536743,17059.09866666667,16673.421,233.544,7.2,19.14769,3.616,136815.0,106.29,12431.5,11413.9,0.02,1.6,159.68200000000002,203.9,0.08,472.0,10775.1,3654182.0,4.57,4.13,2.1,2.43,4.78,94.9574,16.61
2013-10-01,149.43557739257812,2.5420000553131104,17133.114,16712.76,233.669,7.2,19.51058,3.434,137040.0,100.54,12395.1,11465.2,0.05,1.37,159.562,202.5,0.09,469.8,10902.6,3747387.0,4.22,4.04,2.2,2.33,4.78,92.9515,15.54
2013-11-01,153.86444091796875,2.740999937057495,17136.836333333333,16693.255666666664,234.1,6.9,15.26405,3.31,137304.0,93.86,12426.2,11531.3,0.07,1.37,159.366,201.2,0.08,459.7,10977.7,3851623.0,4.16,3.87,2.15,2.32,4.31,93.155,13.28
2013-12-01,157.00128173828125,3.0260000228881836,17140.558666666668,16673.751333333334,234.719,6.7,15.08701,3.333,137373.0,97.63,12452.7,11558.6,0.07,1.58,159.284,202.0,0.09,446.0,11029.4,3932626.0,4.46,3.89,2.15,2.51,4.19,93.8856,14.23
2014-01-01,152.28955078125,2.6679999828338623,17144.281,16654.247,235.288,6.6,15.25769,3.378,137548.0,94.62,12513.3,11543.7,0.04,1.65,159.374,203.8,0.07,427.1,11179.0,4023640.0,4.53,3.92,2.26,2.61,4.0,93.8192,14.23
2014-02-01,159.2211456298828,2.6579999923706055,17250.421666666665,16725.534333333333,235.547,6.7,11.61769,3.422,137714.0,100.82,12579.5,11615.4,0.05,1.52,159.878,205.7,0.07,435.4,11089.1,4109285.0,4.23,3.72,2.14,2.31,4.28,95.2469,21.44
2014-03-01,159.83645629882812,2.7230000495910645,17356.562333333335,16796.821666666667,236.028,6.7,15.18678,3.59,137968.0,100.8,12648.6,11695.2,0.05,1.64,161.194,207.0,0.08,455.1,11207.4,4171762.0,4.28,3.62,2.16,2.28,3.87,94.6568,16.0
2014-04-01,161.657958984375,2.6480000019073486,17462.703,16868.109,236.468,6.2,18.05928,3.717,138293.0,102.07,12699.0,11737.4,0.03,1.7,162.972,208.3,0.09,466.1,11381.4,4236441.0,4.41,3.71,2.14,2.33,3.73,94.1244,13.1
2014-05-01,165.40945434570312,2.4570000171661377,17556.211,16933.611333333334,236.918,6.3,13.74222,3.745,138511.0,102.18,12745.0,11778.6,0.03,1.59,164.68599999999998,208.0,0.09,453.5,11274.3,4303143.0,4.29,3.56,2.2,2.22,3.75,93.8707,13.25
2014-06-01,168.0192413330078,2.5160000324249268,17649.719,16999.113666666668,237.231,6.1,11.83893,3.75,138837.0,105.79,12797.2,11838.0,0.04,1.68,166.215,208.3,0.1,435.9,11335.3,4330917.0,4.14,3.46,2.22,2.15,3.61,94.0006,11.58
2014-07-01,166.55569458007812,2.555999994277954,17743.227,17064.616,237.498,6.2,14.05539,3.69,139069.0,103.59,12835.1,11879.2,0.03,1.7,167.14,208.0,0.09,461.6,11415.5,4377031.0,4.12,3.46,2.26,2.11,3.5,93.1365,11.15
2014-08-01,173.1286163330078,2.3429999351501465,17779.664666666667,17090.15566666667,237.46,6.1,14.34688,3.54,139257.0,96.54,12896.3,11958.8,0.03,1.63,167.455,207.0,0.09,453.9,11450.8,4410111.0,4.14,3.5,2.27,2.05,4.25,94.4754,17.03
2014-09-01,169.94566345214844,2.507999897003174,17816.102333333332,17115.695333333333,237.477,5.9,11.18619,3.463,139566.0,93.21,12938.8,11964.9,0.02,1.77,167.24599999999998,206.4,0.09,442.8,11432.4,4415587.0,4.1,3.4,2.15,1.89,3.84,95.063,12.25
2014-10-01,174.76112365722656,2.3350000381469727,17852.54,17141.235,237.43,5.7,21.93322,3.241,139818.0,84.4,12995.3,12035.5,0.02,1.55,166.915,203.4,0.09,423.5,11547.1,4450260.0,4.19,3.57,1.96,1.89,4.45,97.5387,16.71
2014-11-01,179.56219482421875,2.194000005722046,17898.809333333335,17187.70566666667,236.983,5.8,13.89496,2.945,140109.0,75.79,13062.8,12058.4,0.02,1.62,166.66299999999998,200.9,0.09,404.0,11565.7,4486585.0,4.02,3.59,1.93,1.84,4.29,98.5336,14.73
2014-12-01,178.12359619140625,2.1700000762939453,17945.078666666668,17234.176333333333,236.252,5.6,14.29144,2.618,140377.0,59.29,13150.5,12067.6,0.03,1.64,166.467,197.0,0.12,419.4,11659.8,4486190.0,3.89,3.63,1.79,1.73,4.82,99.8964,14.29
2015-01-01,173.79991149902344,1.6749999523162842,17991.348,17280.647,234.747,5.7,23.3353,2.17,140568.0,47.22,13224.7,12036.5,0.03,1.37,166.25799999999998,192.0,0.11,423.4,11820.4,4499524.0,3.73,3.78,1.71,1.46,5.08,102.9027,17.79
2015-02-01,183.56826782226562,2.002000093460083,18058.801,17314.056333333334,235.342,5.5,14.0752,2.308,140839.0,50.58,13271.8,12083.1,0.02,1.47,166.642,191.1,0.11,440.8,11778.6,4500348.0,3.59,3.55,1.65,1.19,5.26,105.206,19.43
2015-03-01,179.8822784423828,1.934000015258789,18126.254,17347.465666666667,235.976,5.4,12.37864,2.544,140910.0,47.82,13233.7,12132.2,0.03,1.52,168.09799999999998,191.5,0.11,419.7,11918.4,4487583.0,3.75,3.58,1.83,1.42,4.38,105.8153,13.04
2015-04-01,182.46206665039062,2.0460000038146973,18193.707,17380.875,236.222,5.4,14.47198,2.545,141194.0,54.45,13262.8,12170.3,0.02,1.35,169.977,190.9,0.12,422.3,12113.2,4481799.0,3.7,3.42,1.8,1.32,4.86,107.0602,15.11
2015-05-01,184.8078155517578,2.0950000286102295,18231.458,17399.61,237.001,5.6,11.77351,2.832,141525.0,59.27,13284.7,12233.6,0.02,1.54,171.856,193.4,0.12,416.5,11898.0,4472703.0,3.8,3.58,1.94,1.52,4.53,105.6384,12.7
2015-06-01,180.17750549316406,2.3350000381469727,18269.209,17418.345,237.657,5.3,14.92698,2.889,141699.0,59.82,13292.7,12270.3,0.02,1.68,173.457,194.8,0.13,414.4,11932.7,4465360.0,3.87,3.7,1.8,1.55,4.52,107.2241,13.97
2015-07-01,185.1438446044922,2.2049999237060547,18306.96,17437.08,238.034,5.2,23.85563,2.893,142001.0,50.9,13324.1,12327.5,0.03,1.63,174.502,193.9,0.13,408.9,12080.6,4479130.0,4.08,3.94,1.89,1.74,4.88,107.0103,16.09
2015-08-01,173.8592987060547,2.200000047683716,18315.333,17445.57966666667,238.033,5.1,31.47818,2.745,142126.0,42.87,13354.9,12359.3,0.07,1.54,174.946,191.9,0.14,381.6,12034.7,4486329.0,3.91,3.88,1.7,1.48,5.45,109.2144,12.56
2015-09-01,168.5468292236328,2.059999942779541,18323.706000000002,17454.079333333335,237.498,5.0,24.70809,2.463,142281.0,45.48,13392.0,12356.4,0.02,1.49,175.055,189.1,0.14,395.5,12161.1,4475886.0,3.89,4.08,1.57,1.47,5.78,110.4509,31.4
2015-10-01,183.8341827392578,2.1510000228881836,18332.079,17462.579,237.733,5.0,19.64487,2.357,142587.0,46.22,13419.8,12362.3,0.02,1.39,175.062,187.5,0.12,400.3,12171.1,4486185.0,3.85,4.12,1.46,1.41,6.67,111.0442,22.55
2015-11-01,184.50613403320312,2.2179999351501465,18363.15466666667,17496.874333333333,238.017,5.1,13.42958,2.249,142824.0,42.44,13417.7,12397.5,0.13,1.67,175.157,185.7,0.12,389.5,12249.4,4489702.0,3.87,4.09,1.55,1.43,5.84,110.2191,14.15
2015-12-01,180.24468994140625,2.2690000534057617,18394.230333333333,17531.16966666667,237.761,5.0,16.98362,2.125,143097.0,37.19,13482.0,12432.8,0.23,1.7,175.13299999999998,183.5,0.24,372.3,12369.4,4478069.0,3.93,4.12,1.57,1.24,6.4,112.1137,14.67
2016-01-01,172.29025268554688,1.930999994277954,18425.306,17565.465,237.652,4.8,28.63895,2.034,143205.0,31.68,13531.6,12452.1,0.26,1.52,175.055,182.6,0.34,381.9,12486.2,4486606.0,3.97,4.4,1.55,1.22,7.1,114.1599,20.7
2016-02-01,172.14791870117188,1.7400000095367432,18487.409666666666,17583.17033333333,237.336,4.9,24.87165,1.833,143417.0,30.32,13546.1,12526.3,0.31,1.22,175.301,181.3,0.38,398.7,12454.7,4483495.0,3.72,4.48,1.4,1.16,7.79,115.3335,19.98
2016-03-01,182.78489685058594,1.7860000133514404,18549.513333333332,17600.875666666667,238.08,5.0,17.74323,2.021,143654.0,37.55,13547.2,12506.8,0.3,1.38,176.61900000000003,182.1,0.36,436.1,12647.2,4478485.0,3.64,4.39,1.48,0.98,7.46,113.9261,17.7
2016-04-01,184.4517059326172,1.819000005722046,18611.617,17618.581,238.992,5.1,13.29629,2.196,143851.0,40.75,13522.0,12586.0,0.23,1.26,178.509,183.2,0.37,430.7,12814.2,4484069.0,3.59,3.87,1.62,1.03,7.05,110.2972,13.1
2016-05-01,187.5895538330078,1.8339999914169312,18666.231,17653.883666666665,239.557,4.8,14.46531,2.324,143892.0,46.71,13515.1,12624.4,0.28,1.3,180.354,185.3,0.37,450.2,12699.2,4477270.0,3.61,3.69,1.68,1.08,6.16,108.6706,14.68
2016-06-01,187.2677459716797,1.4880000352859497,18720.844999999998,17689.186333333335,240.222,4.9,20.13828,2.422,144150.0,48.76,13521.5,12701.7,0.27,1.17,181.926,187.6,0.38,426.8,12789.9,4461393.0,3.66,3.72,1.54,0.94,6.01,112.4619,14.2
2016-07-01,195.10696411132812,1.4579999446868896,18775.459,17724.489,240.101,4.8,16.57158,2.287,144521.0,44.65,13567.1,12720.6,0.3,1.07,183.03,187.7,0.39,474.2,12857.6,4470605.0,3.41,3.41,1.43,0.87,6.12,111.6496,14.77
2016-08-01,195.34066772460938,1.5679999589920044,18839.653,17753.846,240.545,4.9,14.33332,2.218,144664.0,44.72,13578.9,12749.8,0.3,1.13,183.668,186.6,0.4,473.8,12885.4,4466793.0,3.43,3.29,1.46,0.84,5.69,111.9745,12.44
2016-09-01,194.3701171875,1.6080000400543213,18903.847,17783.203,241.176,5.0,13.76362,2.269,144953.0,45.18,13608.3,12806.8,0.29,1.18,183.958,186.9,0.4,468.4,13026.3,4459394.0,3.46,3.26,1.45,0.79,5.12,112.1722,13.48
2016-10-01,191.9651641845703,1.8339999914169312,18968.041,17812.56,241.741,4.9,13.28242,2.304,145071.0,49.78,13627.7,12828.1,0.33,1.27,184.033,186.7,0.4,446.4,13043.9,4459407.0,3.42,3.31,1.63,0.83,4.93,112.5062,13.57
2016-11-01,199.0368194580078,2.368000030517578,19029.998,17840.581000000002,242.026,4.7,18.36427,2.246,145201.0,45.66,13657.8,12853.6,0.45,1.6,184.246,186.3,0.41,452.1,13158.6,4453087.0,3.54,3.41,1.72,1.0,5.05,113.9895,18.56
2016-12-01,201.88177490234375,2.446000099182129,19091.955,17868.602,242.637,4.7,12.27027,2.289,145415.0,51.97,13685.3,12962.9,0.51,1.96,184.419,188.2,0.54,409.0,13259.5,4448618.0,4.08,3.89,1.97,1.31,4.62,117.6629,14.07
2017-01-01,206.70558166503906,2.4509999752044678,19153.912,17896.623,243.618,4.7,17.73544,2.409,145628.0,52.5,13742.1,13015.1,0.52,1.92,184.672,190.7,0.65,407.8,13346.1,4453101.0,4.2,3.8,1.98,1.23,4.13,119.0881,12.85
2017-02-01,214.82736206054688,2.3580000400543213,19210.248,17930.016,244.006,4.6,15.69529,2.36,145818.0,53.47,13792.3,13034.7,0.53,1.9,185.04,191.6,0.66,422.6,13277.6,4453881.0,4.19,3.78,2.05,1.26,3.95,116.391,11.81
2017-03-01,214.1641845703125,2.3959999084472656,19266.584,17963.409,243.892,4.4,14.34725,2.386,145960.0,49.33,13851.3,13089.6,0.75,2.01,186.546,191.5,0.79,434.5,13448.1,4458018.0,4.1,3.74,2.03,1.17,3.57,116.4353,12.54
2017-04-01,217.23092651367188,2.2820000648498535,19322.92,17996.802,244.193,4.4,17.03866,2.479,146165.0,51.06,13869.6,13127.7,0.81,1.82,188.556,193.0,0.9,438.2,13581.8,4474634.0,4.1,3.69,1.96,1.11,3.98,114.8707,12.38
2017-05-01,220.2967529296875,2.196000099182129,19401.511,18039.943333333333,244.004,4.4,11.79869,2.448,146388.0,48.48,13962.6,13128.7,0.9,1.84,190.554,192.8,0.91,435.4,13449.4,4471246.0,4.02,3.66,1.92,1.05,3.78,114.5924,10.11
2017-06-01,220.62518310546875,2.302000045776367,19480.102,18083.084666666666,244.163,4.3,12.22703,2.4,146585.0,45.18,13963.5,13176.8,1.0,1.77,192.288,193.6,1.04,447.6,13554.8,4462443.0,3.94,3.54,1.81,0.93,3.69,113.302,9.89
2017-07-01,226.2580108642578,2.2920000553131104,19558.693,18126.226,244.243,4.3,14.35185,2.344,146768.0,46.63,13999.9,13198.3,1.09,1.87,193.539,193.5,1.15,427.4,13562.0,4467272.0,3.96,3.6,1.75,0.94,3.72,112.4268,11.22
2017-08-01,226.9181365966797,2.121000051498413,19666.783666666666,18183.045666666665,245.183,4.4,16.15784,2.436,146913.0,48.04,14015.8,13241.0,1.03,1.78,194.375,193.8,1.16,442.8,13669.8,4466846.0,3.93,3.45,1.79,0.92,3.6,109.8498,10.09
2017-09-01,230.34727478027344,2.3259999752044678,19774.874333333333,18239.865333333335,246.435,4.3,9.56958,2.688,147012.0,49.82,14030.9,13365.1,1.05,1.8,194.844,194.8,1.15,468.5,13716.4,4453474.0,3.78,3.46,1.79,0.81,3.82,109.0492,10.13
2017-10-01,236.9452667236328,2.375999927520752,19882.965,18296.685,246.626,4.2,12.16597,2.545,147153.0,51.58,14062.7,13394.8,1.09,1.98,195.107,194.9,1.15,444.6,13738.2,4460422.0,3.85,3.51,1.83,0.85,3.55,110.3688,9.45
2017-11-01,244.1876983642578,2.4170000553131104,19969.882,18343.210666666666,247.284,4.2,15.36321,2.608,147353.0,56.64,14078.4,13495.7,1.25,2.05,195.47,195.9,1.16,445.4,13822.2,4455887.0,3.94,3.52,1.88,0.76,3.48,111.7955,10.2
2017-12-01,245.892333984375,2.4049999713897705,20056.799,18389.736333333334,247.805,4.1,18.27329,2.521,147529.0,57.88,14111.5,13601.8,1.34,2.18,195.864,196.3,1.3,441.5,13878.3,4437148.0,3.94,3.58,1.86,0.59,3.63,110.1432,11.43
2018-01-01,261.0783386230469,2.7200000286102295,20143.716,18436.262,248.743,4.0,17.5373,2.596,147662.0,63.7,14211.4,13620.1,1.43,2.38,196.134,197.9,1.41,460.3,13962.7,4443718.0,3.95,3.63,2.0,0.54,3.55,109.6469,9.77
2018-02-01,251.58544921875,2.868000030517578,20259.974666666665,18487.50933333333,249.439,4.1,26.62854,2.632,148064.0,62.23,14250.1,13657.2,1.59,2.6,196.924,199.3,1.42,463.0,13839.2,4420745.0,4.22,3.8,2.11,0.62,3.29,106.4903,13.47
2018-03-01,243.71324157714844,2.740999937057495,20376.233333333334,18538.756666666668,249.581,4.0,17.59871,2.631,148289.0,62.73,14298.3,13725.0,1.73,2.63,198.593,199.3,1.51,463.3,13993.0,4396097.0,4.43,4.0,2.1,0.59,3.59,108.5384,22.47
2018-04-01,245.95391845703125,2.936000108718872,20492.492,18590.004,250.146,4.0,17.05771,2.795,148468.0,66.25,14329.5,13809.3,1.79,2.7,200.636,200.3,1.69,466.1,14151.3,4386104.0,4.4,4.09,2.05,0.48,3.77,107.7059,23.62
2018-05-01,251.93280029296875,2.822000026702881,20548.028666666665,18619.869,250.779,3.8,15.94637,2.963,148801.0,69.98,14373.2,13872.1,1.9,2.82,202.474,203.2,1.7,458.0,13975.4,4356129.0,4.55,4.31,2.16,0.47,3.47,109.7461,15.49
2018-06-01,252.2489471435547,2.8489999771118164,20603.565333333332,18649.734,251.118,4.0,12.34865,2.97,148984.0,67.87,14416.2,13912.9,1.94,2.78,204.066,204.2,1.82,453.5,14080.9,4319191.0,4.54,4.33,2.09,0.42,3.55,111.8279,13.46
2018-07-01,262.7686462402344,2.9639999866485596,20659.102,18679.599,251.323,3.8,12.57674,2.93,149050.0,70.98,14467.0,13962.6,1.99,2.78,204.974,204.3,1.91,438.1,14112.3,4289764.0,4.52,4.43,2.14,0.3,3.78,114.1699,15.6
2018-08-01,271.1561584472656,2.8529999256134033,20710.509666666665,18693.493,251.749,3.8,14.98447,2.919,149269.0,68.06,14509.6,14014.5,2.07,2.77,205.352,203.4,1.91,426.3,14169.2,4255653.0,4.6,4.39,2.13,0.33,3.43,112.8919,13.15
2018-09-01,271.5390930175781,3.055999994277954,20761.917333333335,18707.387,252.239,3.7,18.33542,2.93,149326.0,70.23,14498.8,14030.7,2.17,2.89,205.397,203.6,1.95,419.2,14222.0,4208496.0,4.54,4.33,2.1,0.24,3.49,114.8605,13.16
2018-10-01,253.9188690185547,3.1589999198913574,20813.325,18721.281,252.862,3.8,24.36698,2.945,149471.0,70.75,14527.7,14119.6,2.29,3.0,205.391,204.6,2.19,420.0,14202.0,4174704.0,4.71,4.45,2.14,0.27,3.22,113.8247,12.0
2018-11-01,258.6288146972656,3.013000011444092,20876.080333333335,18758.585666666666,252.657,3.8,22.66091,2.733,149573.0,56.96,14550.4,14187.8,2.37,2.95,205.129,202.3,2.2,428.4,14243.1,4141936.0,4.83,4.67,2.02,0.3,3.81,115.8667,19.34
2018-12-01,234.48764038085938,2.686000108718872,20938.835666666666,18795.890333333333,252.551,3.9,39.39303,2.479,149821.0,49.52,14719.3,14050.6,2.41,2.68,204.722,201.0,2.27,433.9,14349.5,4086044.0,4.75,4.8,1.96,0.15,4.2,115.907,16.44
2019-01-01,254.74102783203125,2.634999990463257,21001.591,18833.195,252.47,4.0,38.00638,2.352,150100.0,51.38,14714.3,14104.4,2.42,2.54,204.233,199.1,2.4,449.0,14533.9,4058378.0,4.51,4.67,1.7,0.16,5.35,115.7681,23.22
2019-02-01,262.9986572265625,2.7109999656677246,21097.483333333334,18882.972666666665,253.135,3.8,16.67877,2.412,150124.0,54.95,14742.1,14117.9,2.44,2.49,204.467,199.2,2.4,460.0,14389.3,4026350.0,4.41,4.42,1.88,0.18,4.29,113.7529,16.14
2019-03-01,266.5848693847656,2.4140000343322754,21193.375666666667,18932.750333333333,254.273,3.8,20.77096,2.62,150348.0,58.15,14732.5,14244.4,2.45,2.37,205.816,200.8,2.41,451.8,14519.1,3969134.0,4.41,4.39,1.96,0.21,3.86,114.5355,13.57
2019-04-01,278.69769287109375,2.509000062942505,21289.268,18982.528,255.163,3.6,18.8068,2.894,150636.0,63.86,14678.0,14329.3,2.43,2.33,207.729,202.1,2.42,451.9,14652.3,3935509.0,4.08,4.1,1.9,0.16,3.94,114.9333,13.4
2019-05-01,260.92474365234375,2.1419999599456787,21361.182666666668,19025.903,255.325,3.6,19.52662,2.963,150713.0,60.83,14673.5,14372.2,2.4,2.19,209.393,201.7,2.39,448.3,14553.0,3889691.0,4.14,3.98,1.93,0.21,3.71,115.0003,14.8
2019-06-01,277.7308044433594,2.0,21433.09733333333,19069.278,255.361,3.6,19.79016,2.814,150843.0,54.66,14686.4,14425.7,2.22,1.83,210.629,200.3,2.38,465.8,14697.1,3847645.0,3.82,3.8,1.73,0.25,4.7,116.4785,18.86
2019-07-01,283.3011779785156,2.0209999084472656,21505.012,19112.653,255.9,3.7,21.44975,2.836,150921.0,57.35,14703.7,14487.4,2.15,1.83,211.381,200.7,2.4,489.4,14778.0,3813198.0,3.75,3.57,1.69,0.25,3.99,114.7241,14.06
2019-08-01,278.5577392578125,1.50600004196167,21568.160666666667,19142.538666666667,256.179,3.7,30.882,2.716,151081.0,54.81,14777.8,14536.4,1.99,1.49,211.74,199.2,2.13,519.6,14923.6,3781543.0,3.75,3.42,1.7,0.17,4.1,116.0482,17.87
2019-09-01,282.6725158691406,1.6749999523162842,21631.30933333333,19172.424333333332,256.596,3.5,16.24333,2.694,151244.0,56.95,14807.9,14564.7,1.93,1.57,211.92,198.4,2.04,536.2,14946.3,3761508.0,3.49,3.21,1.5,0.0,4.13,118.3132,19.66
2019-10-01,290.2551574707031,1.690999984741211,21694.458,19202.31,257.305,3.6,13.9248,2.741,151337.0,53.96,14821.4,14607.9,1.68,1.53,212.014,198.6,1.83,523.3,15113.9,3945831.0,3.65,3.26,1.52,0.09,4.08,117.9619,18.56
2019-11-01,300.7618713378906,1.7760000228881836,21623.427666666666,19118.870666666666,257.788,3.6,18.75229,2.687,151589.0,57.03,14885.9,14667.6,1.57,1.64,212.154,199.0,1.55,521.1,15219.6,4039443.0,3.69,3.24,1.59,0.17,4.09,115.7331,12.3
2019-12-01,307.98638916015625,1.9190000295639038,21552.39733333333,19035.431333333334,258.263,3.6,21.40826,2.652,151789.0,59.88,14844.1,14686.3,1.57,1.68,212.283,199.0,1.55,516.0,15326.6,4065696.0,3.68,3.29,1.65,0.22,4.03,116.9686,14.91
2020-01-01,309.3756408691406,1.5199999809265137,21481.367,18951.992,258.682,3.5,15.69044,2.631,152128.0,57.52,14976.5,14769.9,1.55,1.56,212.435,199.3,1.55,536.4,15484.9,4173626.0,3.72,3.17,1.8,0.3,3.56,114.9755,12.47
2020-02-01,284.8836669921875,1.1269999742507935,20813.392666666667,18387.396333333334,259.007,3.5,24.44355,2.53,152504.0,50.54,15068.8,14785.1,1.54,1.32,213.25,196.7,1.58,549.3,15358.3,4166707.0,3.45,2.93,1.63,0.18,3.97,116.1172,17.97
2020-03-01,247.8524627685547,0.6980000138282776,20145.41833333333,17822.800666666666,258.165,4.4,63.36377,2.334,151006.0,29.21,14844.0,13762.2,0.3,0.59,215.225,193.1,0.65,575.2,15492.8,4241507.0,3.29,2.8,1.41,0.26,4.97,116.8165,33.42
2020-04-01,280.9681396484375,0.621999979019165,19477.444,17258.205,256.094,14.7,38.31768,1.946,130513.0,16.55,17170.7,12021.8,0.14,0.39,217.272,185.5,0.05,564.1,16777.8,5811607.0,3.33,4.58,0.91,0.39,9.11,123.8154,57.06
2020-05-01,294.3548889160156,0.6480000019073486,20031.154,17692.394666666667,255.944,13.2,35.74074,1.946,133155.0,28.56,16333.0,13058.1,0.13,0.34,218.523,188.6,0.05,596.5,17540.3,6721420.0,3.26,3.44,1.06,0.44,7.7,123.1753,37.19
2020-06-01,298.26263427734375,0.652999997138977,20584.864,18126.584333333336,257.217,11.0,37.04935,2.141,137660.0,38.31,16057.3,13889.3,0.16,0.34,219.848,191.2,0.08,600.0,17915.4,7165217.0,3.18,3.03,1.18,0.52,6.43,120.2854,28.23
2020-07-01,317.2178039550781,0.5360000133514404,21138.574,18560.774,258.543,10.2,28.31019,2.243,139048.0,40.71,16151.9,14129.2,0.13,0.28,221.604,193.0,0.09,621.8,18343.8,7009040.0,3.07,2.67,1.37,0.52,6.33,120.1019,28.62
2020-08-01,339.35858154296875,0.6930000185966492,21251.58166666667,18629.775333333335,259.58,8.4,29.67155,2.245,140713.0,42.34,15553.9,14270.5,0.1,0.27,224.086,194.3,0.1,706.2,18224.3,6945237.0,2.88,2.35,1.58,0.45,5.08,117.834,24.28
2020-09-01,325.3494567871094,0.6769999861717224,21364.589333333333,18698.776666666665,260.19,7.9,20.93,2.26,141632.0,39.63,15643.4,14481.7,0.11,0.27,226.845,195.5,0.09,684.0,18516.5,7017492.0,2.93,2.35,1.76,0.55,4.97,115.5944,26.12
2020-10-01,318.5071105957031,0.8600000143051147,21477.597,18767.778,260.352,6.9,30.43484,2.228,142279.0,39.4,15568.4,14546.0,0.1,0.34,229.863,196.5,0.09,667.1,18636.7,7074649.0,2.88,2.44,1.63,0.54,5.36,116.7437,26.7
2020-11-01,353.15338134765625,0.843999981880188,21664.473333333335,18863.736999999997,260.721,6.7,20.4961,2.159,142612.0,40.94,15366.5,14467.3,0.09,0.39,232.375,198.3,0.09,671.2,18834.1,7157479.0,2.78,2.43,1.71,0.71,5.25,116.2476,37.13
2020-12-01,364.6825866699219,0.9169999957084656,21851.349666666665,18959.696,261.564,6.7,22.38783,2.235,142497.0,47.02,15393.8,14389.5,0.09,0.39,234.43,200.5,0.09,636.4,19162.0,7222414.0,2.71,2.18,1.81,0.75,4.21,112.8162,20.77
2021-01-01,362.5049743652344,1.093000054359436,22038.226,19055.655,262.2,6.4,26.75866,2.391,143017.0,52.0,16988.6,14857.9,0.08,0.45,236.513,204.8,0.09,673.2,19365.6,7334809.0,2.65,2.06,2.01,0.82,3.93,111.217,26.97
2021-02-01,372.5846252441406,1.4600000381469727,22272.47033333333,19159.873333333333,263.346,6.2,24.27369,2.559,143727.0,59.04,15548.2,14699.6,0.04,0.54,239.29,210.6,0.08,639.6,19389.3,7410598.0,2.73,2.15,2.11,0.98,3.83,112.4154,30.24
2021-03-01,388.2281799316406,1.746000051498413,22506.714666666667,19264.091666666667,265.028,6.0,29.48034,2.856,144431.0,62.33,19119.5,15458.9,0.03,0.82,244.294,215.0,0.07,601.9,19631.0,7557524.0,3.02,2.35,2.16,1.32,3.54,112.5266,23.35
2021-04-01,410.1083068847656,1.63100004196167,22740.959,19368.31,266.727,6.0,24.67586,2.907,144694.0,61.72,16146.9,15618.7,0.02,0.86,249.898,217.9,0.07,611.2,20322.3,7708882.0,3.18,2.49,2.35,1.52,3.33,113.7803,17.33
2021-05-01,412.8011169433594,1.5809999704360962,22894.754,19405.171000000002,268.599,5.8,19.78528,3.041,145141.0,65.17,15669.5,15624.4,0.02,0.82,255.524,224.9,0.06,633.7,20276.8,7810486.0,2.96,2.42,2.42,1.47,3.27,112.0298,18.31
2021-06-01,420.6828918457031,1.4429999589920044,23048.549,19442.032,270.955,5.9,21.95214,3.245,145698.0,71.38,15603.3,15802.0,0.04,0.84,261.254,228.9,0.08,663.6,20429.4,7935703.0,2.99,2.39,2.46,1.46,3.33,110.5378,17.9
2021-07-01,432.3627014160156,1.2389999628067017,23202.344,19478.893,272.184,5.4,16.62349,3.326,146387.0,72.49,15735.2,15814.9,0.05,0.76,265.587,231.85,0.1,634.3,20548.5,8097773.0,2.98,2.31,2.35,1.23,3.02,112.7911,15.48
2021-08-01,445.229736328125,1.3040000200271606,23469.167666666668,19588.025333333335,273.092,5.2,19.64108,3.351,146904.0,67.73,15720.0,15991.1,0.05,0.77,268.855,233.415,0.09,633.5,20665.3,8235073.0,2.77,2.15,2.37,1.03,3.36,112.6922,19.46
2021-09-01,423.1240539550781,1.5290000438690186,23735.99133333333,19697.157666666666,274.214,4.7,23.48017,3.361,147328.0,71.65,15466.3,16088.9,0.04,0.86,271.502,235.678,0.08,635.7,20956.1,8349173.0,2.87,2.23,2.34,1.11,3.19,112.9137,16.11
2021-10-01,454.2625732421875,1.5570000410079956,24002.815,19806.29,276.59,4.6,19.68397,3.477,148005.0,81.48,15472.4,16309.5,0.05,1.11,273.71,240.465,0.08,617.9,21045.1,8464032.0,2.99,2.33,2.38,1.21,3.2,114.4094,21.15
2021-11-01,450.6127014160156,1.4429999589920044,24130.788,19780.166,278.524,4.2,14.1354,3.576,148652.0,79.15,15470.8,16390.9,0.05,1.2,276.092,243.287,0.08,627.8,21180.2,8574871.0,3.09,2.49,2.5,1.08,3.16,114.2349,16.41
2021-12-01,469.8019714355469,1.5119999647140503,24258.761,19754.042,280.126,3.9,16.6986,3.505,149240.0,71.71,15442.7,16242.3,0.06,1.23,278.681,241.338,0.08,626.1,21528.6,8650402.0,3.11,2.56,2.44,0.87,3.58,115.8992,31.12
2022-01-01,446.5874938964844,1.781999945640564,24386.734,19727.918,281.933,4.0,20.49747,3.5,149744.0,83.22,15163.5,16543.3,0.15,1.54,282.06,246.453,0.08,633.6,21729.8,8765721.0,3.22,2.7,2.6,0.85,3.05,115.4344,16.6
2022-02-01,433.40557861328125,1.8389999866485596,24541.759000000002,19712.506,284.182,3.8,23.02603,3.675,150458.0,91.64,15173.6,16635.8,0.31,1.81,287.307,252.66,0.08,632.7,21557.4,8873211.0,3.55,3.05,2.43,0.63,3.51,115.4098,21.96
2022-03-01,448.3047180175781,2.3269999027252197,24696.784,19697.094,287.708,3.6,23.04955,4.401,150856.0,108.5,15119.6,16831.2,0.45,2.11,294.717,260.014,0.2,676.1,21805.0,8904455.0,3.76,3.35,2.62,0.41,3.89,115.8932,33.32
2022-04-01,410.2279357910156,2.88700008392334,24851.809,19681.682,288.663,3.6,20.31038,4.369,151224.0,101.78,15148.6,16911.2,0.76,2.78,301.472,265.412,0.33,678.5,21993.2,8937592.0,4.72,3.93,2.8,-0.05,3.4,115.6251,19.63
2022-05-01,411.1539306640625,2.8440001010894775,,,291.474,3.6,27.86238,4.695,151610.0,109.55,15149.9,16954.5,0.99,2.87,305.975,273.305,0.77,658.0,21632.1,8939972.0,5.27,4.69,2.81,0.26,4.05,120.0229,32.34
2022-06-01,375.6274108886719,2.9719998836517334,,,295.328,3.6,17.10228,5.149,152008.0,114.84,15104.8,17135.6,1.54,3.19,,280.459,1.21,650.0,21677.8,8915050.0,5.09,4.64,2.65,0.28,4.13,118.8763,25.69
2022-07-01,411.989990234375,2.6419999599456787,,,295.271,3.5,24.84861,4.768,152536.0,101.62,,,2.3,2.96,,271.625,1.68,616.0,21704.8,8891851.0,5.3,5.04,2.34,0.04,5.92,121.5779,26.7
2022-08-01,413.3500061035156,3.0369999408721924,,,,,,,,,,,,,,,,,21664.4,8874620.0,4.99,4.7,2.51,-0.3,4.8,121.5001,22.84
